set_pv,offset_pv,delta_pv
SR01LM-PC-QUAD-00:SETI,SR01LM-PC-QUAD-00:OFFSET1,SR-CS-TFB-01:01QUAD00:I
SR01LM-PC-QUAD-01:SETI,SR01LM-PC-QUAD-01:OFFSET1,SR-CS-TFB-01:01QUAD01:I
SR01LM-PC-QUAD-02:SETI,SR01LM-PC-QUAD-02:OFFSET1,SR-CS-TFB-01:01QUAD02:I
SR01MS-PC-QUAD-11:SETI,SR01MS-PC-QUAD-11:OFFSET1,SR-CS-TFB-01:01QUAD11:I
SR01MS-PC-QUAD-12:SETI,SR01MS-PC-QUAD-12:OFFSET1,SR-CS-TFB-01:01QUAD12:I
SR02MS-PC-QUAD-11:SETI,SR02MS-PC-QUAD-11:OFFSET1,SR-CS-TFB-01:02QUAD11:I
SR02MS-PC-QUAD-12:SETI,SR02MS-PC-QUAD-12:OFFSET1,SR-CS-TFB-01:02QUAD12:I
SR02SM-PC-QUAD-01:SETI,SR02SM-PC-QUAD-01:OFFSET1,SR-CS-TFB-01:02QUAD01:I
SR02SM-PC-QUAD-02:SETI,SR02SM-PC-QUAD-02:OFFSET1,SR-CS-TFB-01:02QUAD02:I
SR03MS-PC-QUAD-11:SETI,SR03MS-PC-QUAD-11:OFFSET1,SR-CS-TFB-01:03QUAD11:I
SR03MS-PC-QUAD-12:SETI,SR03MS-PC-QUAD-12:OFFSET1,SR-CS-TFB-01:03QUAD12:I
SR03SM-PC-QUAD-01:SETI,SR03SM-PC-QUAD-01:OFFSET1,SR-CS-TFB-01:03QUAD01:I
SR03SM-PC-QUAD-02:SETI,SR03SM-PC-QUAD-02:OFFSET1,SR-CS-TFB-01:03QUAD02:I
SR04ML-PC-QUAD-11:SETI,SR04ML-PC-QUAD-11:OFFSET1,SR-CS-TFB-01:04QUAD11:I
SR04ML-PC-QUAD-12:SETI,SR04ML-PC-QUAD-12:OFFSET1,SR-CS-TFB-01:04QUAD12:I
SR04ML-PC-QUAD-13:SETI,SR04ML-PC-QUAD-13:OFFSET1,SR-CS-TFB-01:04QUAD13:I
SR04SM-PC-QUAD-01:SETI,SR04SM-PC-QUAD-01:OFFSET1,SR-CS-TFB-01:04QUAD01:I
SR04SM-PC-QUAD-02:SETI,SR04SM-PC-QUAD-02:OFFSET1,SR-CS-TFB-01:04QUAD02:I
SR05LM-PC-QUAD-00:SETI,SR05LM-PC-QUAD-00:OFFSET1,SR-CS-TFB-01:05QUAD00:I
SR05LM-PC-QUAD-01:SETI,SR05LM-PC-QUAD-01:OFFSET1,SR-CS-TFB-01:05QUAD01:I
SR05LM-PC-QUAD-02:SETI,SR05LM-PC-QUAD-02:OFFSET1,SR-CS-TFB-01:05QUAD02:I
SR05MS-PC-QUAD-11:SETI,SR05MS-PC-QUAD-11:OFFSET1,SR-CS-TFB-01:05QUAD11:I
SR05MS-PC-QUAD-12:SETI,SR05MS-PC-QUAD-12:OFFSET1,SR-CS-TFB-01:05QUAD12:I
SR06MS-PC-QUAD-11:SETI,SR06MS-PC-QUAD-11:OFFSET1,SR-CS-TFB-01:06QUAD11:I
SR06MS-PC-QUAD-12:SETI,SR06MS-PC-QUAD-12:OFFSET1,SR-CS-TFB-01:06QUAD12:I
SR06SM-PC-QUAD-01:SETI,SR06SM-PC-QUAD-01:OFFSET1,SR-CS-TFB-01:06QUAD01:I
SR06SM-PC-QUAD-02:SETI,SR06SM-PC-QUAD-02:OFFSET1,SR-CS-TFB-01:06QUAD02:I
SR07MS-PC-QUAD-11:SETI,SR07MS-PC-QUAD-11:OFFSET1,SR-CS-TFB-01:07QUAD11:I
SR07MS-PC-QUAD-12:SETI,SR07MS-PC-QUAD-12:OFFSET1,SR-CS-TFB-01:07QUAD12:I
SR07SM-PC-QUAD-01:SETI,SR07SM-PC-QUAD-01:OFFSET1,SR-CS-TFB-01:07QUAD01:I
SR07SM-PC-QUAD-02:SETI,SR07SM-PC-QUAD-02:OFFSET1,SR-CS-TFB-01:07QUAD02:I
SR08ML-PC-QUAD-11:SETI,SR08ML-PC-QUAD-11:OFFSET1,SR-CS-TFB-01:08QUAD11:I
SR08ML-PC-QUAD-12:SETI,SR08ML-PC-QUAD-12:OFFSET1,SR-CS-TFB-01:08QUAD12:I
SR08ML-PC-QUAD-13:SETI,SR08ML-PC-QUAD-13:OFFSET1,SR-CS-TFB-01:08QUAD13:I
SR08SM-PC-QUAD-01:SETI,SR08SM-PC-QUAD-01:OFFSET1,SR-CS-TFB-01:08QUAD01:I
SR08SM-PC-QUAD-02:SETI,SR08SM-PC-QUAD-02:OFFSET1,SR-CS-TFB-01:08QUAD02:I
SR09LM-PC-QUAD-00:SETI,SR09LM-PC-QUAD-00:OFFSET1,SR-CS-TFB-01:09QUAD00:I
SR09LM-PC-QUAD-01:SETI,SR09LM-PC-QUAD-01:OFFSET1,SR-CS-TFB-01:09QUAD01:I
SR09LM-PC-QUAD-02:SETI,SR09LM-PC-QUAD-02:OFFSET1,SR-CS-TFB-01:09QUAD02:I
SR09MS-PC-QUAD-11:SETI,SR09MS-PC-QUAD-11:OFFSET1,SR-CS-TFB-01:09QUAD11:I
SR09MS-PC-QUAD-12:SETI,SR09MS-PC-QUAD-12:OFFSET1,SR-CS-TFB-01:09QUAD12:I
SR10MS-PC-QUAD-11:SETI,SR10MS-PC-QUAD-11:OFFSET1,SR-CS-TFB-01:10QUAD11:I
SR10MS-PC-QUAD-12:SETI,SR10MS-PC-QUAD-12:OFFSET1,SR-CS-TFB-01:10QUAD12:I
SR10SM-PC-QUAD-01:SETI,SR10SM-PC-QUAD-01:OFFSET1,SR-CS-TFB-01:10QUAD01:I
SR10SM-PC-QUAD-02:SETI,SR10SM-PC-QUAD-02:OFFSET1,SR-CS-TFB-01:10QUAD02:I
SR11MS-PC-QUAD-11:SETI,SR11MS-PC-QUAD-11:OFFSET1,SR-CS-TFB-01:11QUAD11:I
SR11MS-PC-QUAD-12:SETI,SR11MS-PC-QUAD-12:OFFSET1,SR-CS-TFB-01:11QUAD12:I
SR11SM-PC-QUAD-01:SETI,SR11SM-PC-QUAD-01:OFFSET1,SR-CS-TFB-01:11QUAD01:I
SR11SM-PC-QUAD-02:SETI,SR11SM-PC-QUAD-02:OFFSET1,SR-CS-TFB-01:11QUAD02:I
SR12ML-PC-QUAD-11:SETI,SR12ML-PC-QUAD-11:OFFSET1,SR-CS-TFB-01:12QUAD11:I
SR12ML-PC-QUAD-12:SETI,SR12ML-PC-QUAD-12:OFFSET1,SR-CS-TFB-01:12QUAD12:I
SR12ML-PC-QUAD-13:SETI,SR12ML-PC-QUAD-13:OFFSET1,SR-CS-TFB-01:12QUAD13:I
SR12SM-PC-QUAD-01:SETI,SR12SM-PC-QUAD-01:OFFSET1,SR-CS-TFB-01:12QUAD01:I
SR12SM-PC-QUAD-02:SETI,SR12SM-PC-QUAD-02:OFFSET1,SR-CS-TFB-01:12QUAD02:I
SR13LM-PC-QUAD-00:SETI,SR13LM-PC-QUAD-00:OFFSET1,SR-CS-TFB-01:13QUAD00:I
SR13LM-PC-QUAD-01:SETI,SR13LM-PC-QUAD-01:OFFSET1,SR-CS-TFB-01:13QUAD01:I
SR13LM-PC-QUAD-02:SETI,SR13LM-PC-QUAD-02:OFFSET1,SR-CS-TFB-01:13QUAD02:I
SR13MS-PC-QUAD-11:SETI,SR13MS-PC-QUAD-11:OFFSET1,SR-CS-TFB-01:13QUAD11:I
SR13MS-PC-QUAD-12:SETI,SR13MS-PC-QUAD-12:OFFSET1,SR-CS-TFB-01:13QUAD12:I
SR14MS-PC-QUAD-11:SETI,SR14MS-PC-QUAD-11:OFFSET1,SR-CS-TFB-01:14QUAD11:I
SR14MS-PC-QUAD-12:SETI,SR14MS-PC-QUAD-12:OFFSET1,SR-CS-TFB-01:14QUAD12:I
SR14SM-PC-QUAD-01:SETI,SR14SM-PC-QUAD-01:OFFSET1,SR-CS-TFB-01:14QUAD01:I
SR14SM-PC-QUAD-02:SETI,SR14SM-PC-QUAD-02:OFFSET1,SR-CS-TFB-01:14QUAD02:I
SR15MS-PC-QUAD-11:SETI,SR15MS-PC-QUAD-11:OFFSET1,SR-CS-TFB-01:15QUAD11:I
SR15MS-PC-QUAD-12:SETI,SR15MS-PC-QUAD-12:OFFSET1,SR-CS-TFB-01:15QUAD12:I
SR15SM-PC-QUAD-01:SETI,SR15SM-PC-QUAD-01:OFFSET1,SR-CS-TFB-01:15QUAD01:I
SR15SM-PC-QUAD-02:SETI,SR15SM-PC-QUAD-02:OFFSET1,SR-CS-TFB-01:15QUAD02:I
SR16ML-PC-QUAD-11:SETI,SR16ML-PC-QUAD-11:OFFSET1,SR-CS-TFB-01:16QUAD11:I
SR16ML-PC-QUAD-12:SETI,SR16ML-PC-QUAD-12:OFFSET1,SR-CS-TFB-01:16QUAD12:I
SR16ML-PC-QUAD-13:SETI,SR16ML-PC-QUAD-13:OFFSET1,SR-CS-TFB-01:16QUAD13:I
SR16SM-PC-QUAD-01:SETI,SR16SM-PC-QUAD-01:OFFSET1,SR-CS-TFB-01:16QUAD01:I
SR16SM-PC-QUAD-02:SETI,SR16SM-PC-QUAD-02:OFFSET1,SR-CS-TFB-01:16QUAD02:I
SR17LM-PC-QUAD-00:SETI,SR17LM-PC-QUAD-00:OFFSET1,SR-CS-TFB-01:17QUAD00:I
SR17LM-PC-QUAD-01:SETI,SR17LM-PC-QUAD-01:OFFSET1,SR-CS-TFB-01:17QUAD01:I
SR17LM-PC-QUAD-02:SETI,SR17LM-PC-QUAD-02:OFFSET1,SR-CS-TFB-01:17QUAD02:I
SR17MS-PC-QUAD-11:SETI,SR17MS-PC-QUAD-11:OFFSET1,SR-CS-TFB-01:17QUAD11:I
SR17MS-PC-QUAD-12:SETI,SR17MS-PC-QUAD-12:OFFSET1,SR-CS-TFB-01:17QUAD12:I
SR18MS-PC-QUAD-11:SETI,SR18MS-PC-QUAD-11:OFFSET1,SR-CS-TFB-01:18QUAD11:I
SR18MS-PC-QUAD-12:SETI,SR18MS-PC-QUAD-12:OFFSET1,SR-CS-TFB-01:18QUAD12:I
SR18SM-PC-QUAD-01:SETI,SR18SM-PC-QUAD-01:OFFSET1,SR-CS-TFB-01:18QUAD01:I
SR18SM-PC-QUAD-02:SETI,SR18SM-PC-QUAD-02:OFFSET1,SR-CS-TFB-01:18QUAD02:I
SR19MS-PC-QUAD-11:SETI,SR19MS-PC-QUAD-11:OFFSET1,SR-CS-TFB-01:19QUAD11:I
SR19MS-PC-QUAD-12:SETI,SR19MS-PC-QUAD-12:OFFSET1,SR-CS-TFB-01:19QUAD12:I
SR19SM-PC-QUAD-01:SETI,SR19SM-PC-QUAD-01:OFFSET1,SR-CS-TFB-01:19QUAD01:I
SR19SM-PC-QUAD-02:SETI,SR19SM-PC-QUAD-02:OFFSET1,SR-CS-TFB-01:19QUAD02:I
SR20ML-PC-QUAD-11:SETI,SR20ML-PC-QUAD-11:OFFSET1,SR-CS-TFB-01:20QUAD11:I
SR20ML-PC-QUAD-12:SETI,SR20ML-PC-QUAD-12:OFFSET1,SR-CS-TFB-01:20QUAD12:I
SR20ML-PC-QUAD-13:SETI,SR20ML-PC-QUAD-13:OFFSET1,SR-CS-TFB-01:20QUAD13:I
SR20SM-PC-QUAD-01:SETI,SR20SM-PC-QUAD-01:OFFSET1,SR-CS-TFB-01:20QUAD01:I
SR20SM-PC-QUAD-02:SETI,SR20SM-PC-QUAD-02:OFFSET1,SR-CS-TFB-01:20QUAD02:I
SR21LM-PC-QUAD-00:SETI,SR21LM-PC-QUAD-00:OFFSET1,SR-CS-TFB-01:21QUAD00:I
SR21LM-PC-QUAD-01:SETI,SR21LM-PC-QUAD-01:OFFSET1,SR-CS-TFB-01:21QUAD01:I
SR21LM-PC-QUAD-02:SETI,SR21LM-PC-QUAD-02:OFFSET1,SR-CS-TFB-01:21QUAD02:I
SR21MS-PC-QUAD-11:SETI,SR21MS-PC-QUAD-11:OFFSET1,SR-CS-TFB-01:21QUAD11:I
SR21MS-PC-QUAD-12:SETI,SR21MS-PC-QUAD-12:OFFSET1,SR-CS-TFB-01:21QUAD12:I
SR22MS-PC-QUAD-11:SETI,SR22MS-PC-QUAD-11:OFFSET1,SR-CS-TFB-01:22QUAD11:I
SR22MS-PC-QUAD-12:SETI,SR22MS-PC-QUAD-12:OFFSET1,SR-CS-TFB-01:22QUAD12:I
SR22SM-PC-QUAD-01:SETI,SR22SM-PC-QUAD-01:OFFSET1,SR-CS-TFB-01:22QUAD01:I
SR22SM-PC-QUAD-02:SETI,SR22SM-PC-QUAD-02:OFFSET1,SR-CS-TFB-01:22QUAD02:I
SR23MS-PC-QUAD-11:SETI,SR23MS-PC-QUAD-11:OFFSET1,SR-CS-TFB-01:23QUAD11:I
SR23MS-PC-QUAD-12:SETI,SR23MS-PC-QUAD-12:OFFSET1,SR-CS-TFB-01:23QUAD12:I
SR23SM-PC-QUAD-01:SETI,SR23SM-PC-QUAD-01:OFFSET1,SR-CS-TFB-01:23QUAD01:I
SR23SM-PC-QUAD-02:SETI,SR23SM-PC-QUAD-02:OFFSET1,SR-CS-TFB-01:23QUAD02:I
SR24ML-PC-QUAD-11:SETI,SR24ML-PC-QUAD-11:OFFSET1,SR-CS-TFB-01:24QUAD11:I
SR24ML-PC-QUAD-12:SETI,SR24ML-PC-QUAD-12:OFFSET1,SR-CS-TFB-01:24QUAD12:I
SR24ML-PC-QUAD-13:SETI,SR24ML-PC-QUAD-13:OFFSET1,SR-CS-TFB-01:24QUAD13:I
SR24SM-PC-QUAD-01:SETI,SR24SM-PC-QUAD-01:OFFSET1,SR-CS-TFB-01:24QUAD01:I
SR24SM-PC-QUAD-02:SETI,SR24SM-PC-QUAD-02:OFFSET1,SR-CS-TFB-01:24QUAD02:I
