index,field,pv,value,record_type
0,beam_current,SR-DI-DCCT-01:SIGNAL,300,ai
0,bpm_id,SR-DI-EBPM-01:BPMID,[1.1 1.2 1.3 1.4 1.5 1.6 1.7 1.8 1.9 2.0 2.1 2.1 2.2 2.3 2.4 2.5 2.6 2.7 2.8 2.9 3.0 3.1 3.2 3.3 3.4 3.5 3.6 3.7 3.8 3.9 4.0 4.1 4.2 4.3 4.4 4.5 4.6 4.7 4.8 4.9 5.0 5.1 5.1 5.2 5.3 5.4 5.5 5.6 5.7 5.8 5.9 6.0 6.1 6.1 6.2 6.3 6.4 6.5 6.6 6.7 6.8 6.9 7.0 7.1 7.2 7.3 7.4 7.5 7.6 7.7 7.8 7.9 8.0 8.1 8.2 8.3 8.4 8.5 8.6 8.7 8.8 8.9 9.0 9.1 9.1 9.2 9.3 9.4 9.5 9.6 9.7 9.8 9.9 10.0 10.1 10.1 10.2 10.3 10.4 10.5 10.6 10.7 10.8 10.9 11.0 11.1 11.2 11.3 11.4 11.5 11.6 11.7 11.8 11.9 12.0 12.1 12.2 12.3 12.4 12.5 12.6 12.7 12.8 12.9 13.0 13.1 13.1 13.2 13.3 13.4 13.5 13.6 13.7 13.8 13.9 14.0 14.1 14.1 14.2 14.3 14.4 14.5 14.6 14.7 14.8 14.9 15.0 15.1 15.2 15.3 15.4 15.5 15.6 15.7 15.8 15.9 16.0 16.1 16.2 16.3 16.4 16.5 16.6 16.7 16.8 16.9 17.0 17.1 17.1 17.2 17.3 17.4 17.5 17.6 17.7 17.8 17.9 18.0 18.1 18.1 18.2 18.3 18.4 18.5 18.6 18.7 18.8 18.9 19.0 19.1 19.2 19.3 19.4 19.5 19.6 19.7 19.8 19.9 20.0 20.1 20.2 20.3 20.4 20.5 20.6 20.7 20.8 20.9 21.0 21.1 21.1 21.2 21.3 21.4 21.5 21.6 21.7 21.8 21.9 22.0 22.1 22.1 22.2 22.3 22.4 22.5 22.6 22.7 22.8 22.9 23.0 23.1 23.2 23.3 23.4 23.5 23.6 23.7 23.8 23.9 24.0 24.1 24.2 24.3 24.4 24.5 24.6 24.7 24.8 24.9 25.0 25.1],wfmi
0,feedback_heart,CS-CS-MSTAT-01:FBHEART,10,ao
0,feedback_status,CS-CS-MSTAT-01:FBSTAT,2,ai
0,fofb_status,SR01A-CS-FOFB-01:RUN,0,ao
5,enabled,SR01C-DI-EBPM-01:CF:ENABLED_S,1,ai
8,offset,SR01A-PC-Q0L-01:OFFSET1,0,ai
10,error_sum,SR01A-PC-HSTR-01:ERCSUM,0,ai
10,error_sum,SR01A-PC-VSTR-01:ERCSUM,0,ai
10,state,SR01A-PC-HSTR-01:STATE,2,ai
10,state,SR01A-PC-VSTR-01:STATE,2,ai
12,offset,SR01A-PC-Q1L-02:OFFSET1,0,ai
14,error_sum,SR01A-PC-HSTR-02:ERCSUM,0,ai
14,error_sum,SR01A-PC-VSTR-02:ERCSUM,0,ai
14,state,SR01A-PC-HSTR-02:STATE,2,ai
14,state,SR01A-PC-VSTR-02:STATE,2,ai
16,enabled,SR01C-DI-EBPM-02:CF:ENABLED_S,1,ai
21,offset,SR01A-PC-Q2L-03:OFFSET1,0,ai
31,error_sum,SR01A-PC-HSTR-03:ERCSUM,0,ai
31,error_sum,SR01A-PC-VSTR-03:ERCSUM,0,ai
31,state,SR01A-PC-HSTR-03:STATE,2,ai
31,state,SR01A-PC-VSTR-03:STATE,2,ai
33,enabled,SR01C-DI-EBPM-03:CF:ENABLED_S,1,ai
37,error_sum,SR01A-PC-HSTR-04:ERCSUM,0,ai
37,error_sum,SR01A-PC-VSTR-04:ERCSUM,0,ai
37,state,SR01A-PC-HSTR-04:STATE,2,ai
37,state,SR01A-PC-VSTR-04:STATE,2,ai
43,enabled,SR01C-DI-EBPM-04:CF:ENABLED_S,1,ai
48,error_sum,SR01A-PC-HSTR-05:ERCSUM,0,ai
48,error_sum,SR01A-PC-VSTR-05:ERCSUM,0,ai
48,state,SR01A-PC-HSTR-05:STATE,2,ai
48,state,SR01A-PC-VSTR-05:STATE,2,ai
58,error_sum,SR01A-PC-HSTR-06:ERCSUM,0,ai
58,error_sum,SR01A-PC-VSTR-06:ERCSUM,0,ai
58,state,SR01A-PC-HSTR-06:STATE,2,ai
58,state,SR01A-PC-VSTR-06:STATE,2,ai
63,enabled,SR01C-DI-EBPM-05:CF:ENABLED_S,1,ai
71,error_sum,SR01A-PC-HSTR-07:ERCSUM,0,ai
71,error_sum,SR01A-PC-VSTR-07:ERCSUM,0,ai
71,state,SR01A-PC-HSTR-07:STATE,2,ai
71,state,SR01A-PC-VSTR-07:STATE,2,ai
74,enabled,SR01C-DI-EBPM-06:CF:ENABLED_S,1,ai
81,enabled,SR01C-DI-EBPM-07:CF:ENABLED_S,1,ai
87,error_sum,SR01A-PC-HSTR-08:ERCSUM,0,ai
87,error_sum,SR01A-PC-VSTR-08:ERCSUM,0,ai
87,state,SR01A-PC-HSTR-08:STATE,2,ai
87,state,SR01A-PC-VSTR-08:STATE,2,ai
95,enabled,SR01C-DI-EBPM-08:CF:ENABLED_S,1,ai
97,error_sum,SR01A-PC-HSTR-09:ERCSUM,0,ai
97,error_sum,SR01A-PC-VSTR-09:ERCSUM,0,ai
97,state,SR01A-PC-HSTR-09:STATE,2,ai
97,state,SR01A-PC-VSTR-09:STATE,2,ai
107,error_sum,SR01A-PC-HSTR-10:ERCSUM,0,ai
107,error_sum,SR01A-PC-VSTR-10:ERCSUM,0,ai
107,state,SR01A-PC-HSTR-10:STATE,2,ai
107,state,SR01A-PC-VSTR-10:STATE,2,ai
109,enabled,SR01C-DI-EBPM-09:CF:ENABLED_S,1,ai
126,enabled,SR01C-DI-EBPM-10:CF:ENABLED_S,1,ai
128,error_sum,SR01A-PC-HSTR-11:ERCSUM,0,ai
128,error_sum,SR01A-PC-VSTR-11:ERCSUM,0,ai
128,state,SR01A-PC-HSTR-11:STATE,2,ai
128,state,SR01A-PC-VSTR-11:STATE,2,ai
138,offset,SR01A-PC-Q2N-16:OFFSET1,0,ai
140,error_sum,SR01A-PC-HSTR-12:ERCSUM,0,ai
140,error_sum,SR01A-PC-VSTR-12:ERCSUM,0,ai
140,state,SR01A-PC-HSTR-12:STATE,2,ai
140,state,SR01A-PC-VSTR-12:STATE,2,ai
142,offset,SR01A-PC-Q1N-17:OFFSET1,0,ai
145,enabled,SR01C-DI-EBPM-11:CF:ENABLED_S,1,ai
173,enabled,SR02C-DI-EBPM-01:CF:ENABLED_S,1,ai
179,offset,SR02A-PC-Q1N-01:OFFSET1,0,ai
181,error_sum,SR02A-PC-HSTR-01:ERCSUM,0,ai
181,error_sum,SR02A-PC-VSTR-01:ERCSUM,0,ai
181,state,SR02A-PC-HSTR-01:STATE,2,ai
181,state,SR02A-PC-VSTR-01:STATE,2,ai
183,offset,SR02A-PC-Q2N-02:OFFSET1,0,ai
193,error_sum,SR02A-PC-HSTR-02:ERCSUM,0,ai
193,error_sum,SR02A-PC-VSTR-02:ERCSUM,0,ai
193,state,SR02A-PC-HSTR-02:STATE,2,ai
193,state,SR02A-PC-VSTR-02:STATE,2,ai
195,enabled,SR02C-DI-EBPM-02:CF:ENABLED_S,1,ai
199,error_sum,SR02A-PC-HSTR-03:ERCSUM,0,ai
199,error_sum,SR02A-PC-VSTR-03:ERCSUM,0,ai
199,state,SR02A-PC-HSTR-03:STATE,2,ai
199,state,SR02A-PC-VSTR-03:STATE,2,ai
205,enabled,SR02C-DI-EBPM-03:CF:ENABLED_S,1,ai
210,error_sum,SR02A-PC-HSTR-04:ERCSUM,0,ai
210,error_sum,SR02A-PC-VSTR-04:ERCSUM,0,ai
210,state,SR02A-PC-HSTR-04:STATE,2,ai
210,state,SR02A-PC-VSTR-04:STATE,2,ai
220,error_sum,SR02A-PC-HSTR-05:ERCSUM,0,ai
220,error_sum,SR02A-PC-VSTR-05:ERCSUM,0,ai
220,state,SR02A-PC-HSTR-05:STATE,2,ai
220,state,SR02A-PC-VSTR-05:STATE,2,ai
225,enabled,SR02C-DI-EBPM-04:CF:ENABLED_S,1,ai
233,error_sum,SR02A-PC-HSTR-06:ERCSUM,0,ai
233,error_sum,SR02A-PC-VSTR-06:ERCSUM,0,ai
233,state,SR02A-PC-HSTR-06:STATE,2,ai
233,state,SR02A-PC-VSTR-06:STATE,2,ai
236,enabled,SR02C-DI-EBPM-05:CF:ENABLED_S,1,ai
252,enabled,SR02C-DI-EBPM-06:CF:ENABLED_S,1,ai
258,error_sum,SR02A-PC-HSTR-07:ERCSUM,0,ai
258,error_sum,SR02A-PC-VSTR-07:ERCSUM,0,ai
258,state,SR02A-PC-HSTR-07:STATE,2,ai
258,state,SR02A-PC-VSTR-07:STATE,2,ai
266,enabled,SR02C-DI-EBPM-07:CF:ENABLED_S,1,ai
268,error_sum,SR02A-PC-HSTR-08:ERCSUM,0,ai
268,error_sum,SR02A-PC-VSTR-08:ERCSUM,0,ai
268,state,SR02A-PC-HSTR-08:STATE,2,ai
268,state,SR02A-PC-VSTR-08:STATE,2,ai
278,error_sum,SR02A-PC-HSTR-09:ERCSUM,0,ai
278,error_sum,SR02A-PC-VSTR-09:ERCSUM,0,ai
278,state,SR02A-PC-HSTR-09:STATE,2,ai
278,state,SR02A-PC-VSTR-09:STATE,2,ai
280,enabled,SR02C-DI-EBPM-08:CF:ENABLED_S,1,ai
289,error_sum,SR02A-PC-HSTR-10:ERCSUM,0,ai
289,error_sum,SR02A-PC-VSTR-10:ERCSUM,0,ai
289,state,SR02A-PC-HSTR-10:STATE,2,ai
289,state,SR02A-PC-VSTR-10:STATE,2,ai
296,enabled,SR02C-DI-EBPM-09:CF:ENABLED_S,1,ai
298,error_sum,SR02A-PC-HSTR-11:ERCSUM,0,ai
298,error_sum,SR02A-PC-VSTR-11:ERCSUM,0,ai
298,state,SR02A-PC-HSTR-11:STATE,2,ai
298,state,SR02A-PC-VSTR-11:STATE,2,ai
308,offset,SR02A-PC-Q2N-15:OFFSET1,0,ai
310,error_sum,SR02A-PC-HSTR-12:ERCSUM,0,ai
310,error_sum,SR02A-PC-VSTR-12:ERCSUM,0,ai
310,state,SR02A-PC-HSTR-12:STATE,2,ai
310,state,SR02A-PC-VSTR-12:STATE,2,ai
312,offset,SR02A-PC-Q1N-16:OFFSET1,0,ai
315,enabled,SR02C-DI-EBPM-10:CF:ENABLED_S,1,ai
343,enabled,SR03C-DI-EBPM-01:CF:ENABLED_S,1,ai
349,offset,SR03A-PC-Q1N-01:OFFSET1,0,ai
351,error_sum,SR03A-PC-HSTR-01:ERCSUM,0,ai
351,error_sum,SR03A-PC-VSTR-01:ERCSUM,0,ai
351,state,SR03A-PC-HSTR-01:STATE,2,ai
351,state,SR03A-PC-VSTR-01:STATE,2,ai
353,offset,SR03A-PC-Q2N-02:OFFSET1,0,ai
363,error_sum,SR03A-PC-HSTR-02:ERCSUM,0,ai
363,error_sum,SR03A-PC-VSTR-02:ERCSUM,0,ai
363,state,SR03A-PC-HSTR-02:STATE,2,ai
363,state,SR03A-PC-VSTR-02:STATE,2,ai
365,enabled,SR03C-DI-EBPM-02:CF:ENABLED_S,1,ai
369,error_sum,SR03A-PC-HSTR-03:ERCSUM,0,ai
369,error_sum,SR03A-PC-VSTR-03:ERCSUM,0,ai
369,state,SR03A-PC-HSTR-03:STATE,2,ai
369,state,SR03A-PC-VSTR-03:STATE,2,ai
375,enabled,SR03C-DI-EBPM-03:CF:ENABLED_S,1,ai
380,error_sum,SR03A-PC-HSTR-04:ERCSUM,0,ai
380,error_sum,SR03A-PC-VSTR-04:ERCSUM,0,ai
380,state,SR03A-PC-HSTR-04:STATE,2,ai
380,state,SR03A-PC-VSTR-04:STATE,2,ai
390,error_sum,SR03A-PC-HSTR-05:ERCSUM,0,ai
390,error_sum,SR03A-PC-VSTR-05:ERCSUM,0,ai
390,state,SR03A-PC-HSTR-05:STATE,2,ai
390,state,SR03A-PC-VSTR-05:STATE,2,ai
395,enabled,SR03C-DI-EBPM-04:CF:ENABLED_S,1,ai
403,error_sum,SR03A-PC-HSTR-06:ERCSUM,0,ai
403,error_sum,SR03A-PC-VSTR-06:ERCSUM,0,ai
403,state,SR03A-PC-HSTR-06:STATE,2,ai
403,state,SR03A-PC-VSTR-06:STATE,2,ai
406,enabled,SR03C-DI-EBPM-05:CF:ENABLED_S,1,ai
413,enabled,SR03C-DI-EBPM-06:CF:ENABLED_S,1,ai
419,error_sum,SR03A-PC-HSTR-07:ERCSUM,0,ai
419,error_sum,SR03A-PC-VSTR-07:ERCSUM,0,ai
419,state,SR03A-PC-HSTR-07:STATE,2,ai
419,state,SR03A-PC-VSTR-07:STATE,2,ai
427,enabled,SR03C-DI-EBPM-07:CF:ENABLED_S,1,ai
429,error_sum,SR03A-PC-HSTR-08:ERCSUM,0,ai
429,error_sum,SR03A-PC-VSTR-08:ERCSUM,0,ai
429,state,SR03A-PC-HSTR-08:STATE,2,ai
429,state,SR03A-PC-VSTR-08:STATE,2,ai
439,error_sum,SR03A-PC-HSTR-09:ERCSUM,0,ai
439,error_sum,SR03A-PC-VSTR-09:ERCSUM,0,ai
439,state,SR03A-PC-HSTR-09:STATE,2,ai
439,state,SR03A-PC-VSTR-09:STATE,2,ai
441,enabled,SR03C-DI-EBPM-08:CF:ENABLED_S,1,ai
450,error_sum,SR03A-PC-HSTR-10:ERCSUM,0,ai
450,error_sum,SR03A-PC-VSTR-10:ERCSUM,0,ai
450,state,SR03A-PC-HSTR-10:STATE,2,ai
450,state,SR03A-PC-VSTR-10:STATE,2,ai
457,enabled,SR03C-DI-EBPM-09:CF:ENABLED_S,1,ai
459,error_sum,SR03A-PC-HSTR-11:ERCSUM,0,ai
459,error_sum,SR03A-PC-VSTR-11:ERCSUM,0,ai
459,state,SR03A-PC-HSTR-11:STATE,2,ai
459,state,SR03A-PC-VSTR-11:STATE,2,ai
469,offset,SR03A-PC-Q2N-15:OFFSET1,0,ai
471,error_sum,SR03A-PC-HSTR-12:ERCSUM,0,ai
471,error_sum,SR03A-PC-VSTR-12:ERCSUM,0,ai
471,state,SR03A-PC-HSTR-12:STATE,2,ai
471,state,SR03A-PC-VSTR-12:STATE,2,ai
473,offset,SR03A-PC-Q1N-16:OFFSET1,0,ai
476,enabled,SR03C-DI-EBPM-10:CF:ENABLED_S,1,ai
504,enabled,SR04C-DI-EBPM-01:CF:ENABLED_S,1,ai
510,offset,SR04A-PC-Q1N-01:OFFSET1,0,ai
512,error_sum,SR04A-PC-HSTR-01:ERCSUM,0,ai
512,error_sum,SR04A-PC-VSTR-01:ERCSUM,0,ai
512,state,SR04A-PC-HSTR-01:STATE,2,ai
512,state,SR04A-PC-VSTR-01:STATE,2,ai
514,offset,SR04A-PC-Q2N-02:OFFSET1,0,ai
524,error_sum,SR04A-PC-HSTR-02:ERCSUM,0,ai
524,error_sum,SR04A-PC-VSTR-02:ERCSUM,0,ai
524,state,SR04A-PC-HSTR-02:STATE,2,ai
524,state,SR04A-PC-VSTR-02:STATE,2,ai
526,enabled,SR04C-DI-EBPM-02:CF:ENABLED_S,1,ai
530,error_sum,SR04A-PC-HSTR-03:ERCSUM,0,ai
530,error_sum,SR04A-PC-VSTR-03:ERCSUM,0,ai
530,state,SR04A-PC-HSTR-03:STATE,2,ai
530,state,SR04A-PC-VSTR-03:STATE,2,ai
536,enabled,SR04C-DI-EBPM-03:CF:ENABLED_S,1,ai
541,error_sum,SR04A-PC-HSTR-04:ERCSUM,0,ai
541,error_sum,SR04A-PC-VSTR-04:ERCSUM,0,ai
541,state,SR04A-PC-HSTR-04:STATE,2,ai
541,state,SR04A-PC-VSTR-04:STATE,2,ai
551,error_sum,SR04A-PC-HSTR-05:ERCSUM,0,ai
551,error_sum,SR04A-PC-VSTR-05:ERCSUM,0,ai
551,state,SR04A-PC-HSTR-05:STATE,2,ai
551,state,SR04A-PC-VSTR-05:STATE,2,ai
556,enabled,SR04C-DI-EBPM-04:CF:ENABLED_S,1,ai
564,error_sum,SR04A-PC-HSTR-06:ERCSUM,0,ai
564,error_sum,SR04A-PC-VSTR-06:ERCSUM,0,ai
564,state,SR04A-PC-HSTR-06:STATE,2,ai
564,state,SR04A-PC-VSTR-06:STATE,2,ai
567,enabled,SR04C-DI-EBPM-05:CF:ENABLED_S,1,ai
583,enabled,SR04C-DI-EBPM-06:CF:ENABLED_S,1,ai
589,error_sum,SR04A-PC-HSTR-07:ERCSUM,0,ai
589,error_sum,SR04A-PC-VSTR-07:ERCSUM,0,ai
589,state,SR04A-PC-HSTR-07:STATE,2,ai
589,state,SR04A-PC-VSTR-07:STATE,2,ai
597,enabled,SR04C-DI-EBPM-07:CF:ENABLED_S,1,ai
599,error_sum,SR04A-PC-HSTR-08:ERCSUM,0,ai
599,error_sum,SR04A-PC-VSTR-08:ERCSUM,0,ai
599,state,SR04A-PC-HSTR-08:STATE,2,ai
599,state,SR04A-PC-VSTR-08:STATE,2,ai
609,error_sum,SR04A-PC-HSTR-09:ERCSUM,0,ai
609,error_sum,SR04A-PC-VSTR-09:ERCSUM,0,ai
609,state,SR04A-PC-HSTR-09:STATE,2,ai
609,state,SR04A-PC-VSTR-09:STATE,2,ai
611,enabled,SR04C-DI-EBPM-08:CF:ENABLED_S,1,ai
627,enabled,SR04C-DI-EBPM-09:CF:ENABLED_S,1,ai
629,error_sum,SR04A-PC-HSTR-10:ERCSUM,0,ai
629,error_sum,SR04A-PC-VSTR-10:ERCSUM,0,ai
629,state,SR04A-PC-HSTR-10:STATE,2,ai
629,state,SR04A-PC-VSTR-10:STATE,2,ai
639,offset,SR04A-PC-Q2L-15:OFFSET1,0,ai
641,enabled,SR04C-DI-EBPM-10:CF:ENABLED_S,1,ai
643,error_sum,SR04A-PC-HSTR-11:ERCSUM,0,ai
643,error_sum,SR04A-PC-VSTR-11:ERCSUM,0,ai
643,state,SR04A-PC-HSTR-11:STATE,2,ai
643,state,SR04A-PC-VSTR-11:STATE,2,ai
645,offset,SR04A-PC-Q1L-16:OFFSET1,0,ai
647,error_sum,SR04A-PC-HSTR-12:ERCSUM,0,ai
647,error_sum,SR04A-PC-VSTR-12:ERCSUM,0,ai
647,state,SR04A-PC-HSTR-12:STATE,2,ai
647,state,SR04A-PC-VSTR-12:STATE,2,ai
649,offset,SR04A-PC-Q0L-17:OFFSET1,0,ai
652,enabled,SR04C-DI-EBPM-11:CF:ENABLED_S,1,ai
664,enabled,SR05C-DI-EBPM-01:CF:ENABLED_S,1,ai
667,offset,SR05A-PC-Q0L-01:OFFSET1,0,ai
669,error_sum,SR05A-PC-HSTR-01:ERCSUM,0,ai
669,error_sum,SR05A-PC-VSTR-01:ERCSUM,0,ai
669,state,SR05A-PC-HSTR-01:STATE,2,ai
669,state,SR05A-PC-VSTR-01:STATE,2,ai
671,offset,SR05A-PC-Q1L-02:OFFSET1,0,ai
673,error_sum,SR05A-PC-HSTR-02:ERCSUM,0,ai
673,error_sum,SR05A-PC-VSTR-02:ERCSUM,0,ai
673,state,SR05A-PC-HSTR-02:STATE,2,ai
673,state,SR05A-PC-VSTR-02:STATE,2,ai
675,enabled,SR05C-DI-EBPM-02:CF:ENABLED_S,1,ai
680,offset,SR05A-PC-Q2L-03:OFFSET1,0,ai
690,error_sum,SR05A-PC-HSTR-03:ERCSUM,0,ai
690,error_sum,SR05A-PC-VSTR-03:ERCSUM,0,ai
690,state,SR05A-PC-HSTR-03:STATE,2,ai
690,state,SR05A-PC-VSTR-03:STATE,2,ai
692,enabled,SR05C-DI-EBPM-03:CF:ENABLED_S,1,ai
696,error_sum,SR05A-PC-HSTR-04:ERCSUM,0,ai
696,error_sum,SR05A-PC-VSTR-04:ERCSUM,0,ai
696,state,SR05A-PC-HSTR-04:STATE,2,ai
696,state,SR05A-PC-VSTR-04:STATE,2,ai
702,enabled,SR05C-DI-EBPM-04:CF:ENABLED_S,1,ai
707,error_sum,SR05A-PC-HSTR-05:ERCSUM,0,ai
707,error_sum,SR05A-PC-VSTR-05:ERCSUM,0,ai
707,state,SR05A-PC-HSTR-05:STATE,2,ai
707,state,SR05A-PC-VSTR-05:STATE,2,ai
717,error_sum,SR05A-PC-HSTR-06:ERCSUM,0,ai
717,error_sum,SR05A-PC-VSTR-06:ERCSUM,0,ai
717,state,SR05A-PC-HSTR-06:STATE,2,ai
717,state,SR05A-PC-VSTR-06:STATE,2,ai
722,enabled,SR05C-DI-EBPM-05:CF:ENABLED_S,1,ai
730,error_sum,SR05A-PC-HSTR-07:ERCSUM,0,ai
730,error_sum,SR05A-PC-VSTR-07:ERCSUM,0,ai
730,state,SR05A-PC-HSTR-07:STATE,2,ai
730,state,SR05A-PC-VSTR-07:STATE,2,ai
733,enabled,SR05C-DI-EBPM-06:CF:ENABLED_S,1,ai
744,enabled,SR05C-DI-EBPM-07:CF:ENABLED_S,1,ai
750,error_sum,SR05A-PC-HSTR-08:ERCSUM,0,ai
750,error_sum,SR05A-PC-VSTR-08:ERCSUM,0,ai
750,state,SR05A-PC-HSTR-08:STATE,2,ai
750,state,SR05A-PC-VSTR-08:STATE,2,ai
758,enabled,SR05C-DI-EBPM-08:CF:ENABLED_S,1,ai
760,error_sum,SR05A-PC-HSTR-09:ERCSUM,0,ai
760,error_sum,SR05A-PC-VSTR-09:ERCSUM,0,ai
760,state,SR05A-PC-HSTR-09:STATE,2,ai
760,state,SR05A-PC-VSTR-09:STATE,2,ai
770,error_sum,SR05A-PC-HSTR-10:ERCSUM,0,ai
770,error_sum,SR05A-PC-VSTR-10:ERCSUM,0,ai
770,state,SR05A-PC-HSTR-10:STATE,2,ai
770,state,SR05A-PC-VSTR-10:STATE,2,ai
772,enabled,SR05C-DI-EBPM-09:CF:ENABLED_S,1,ai
788,enabled,SR05C-DI-EBPM-10:CF:ENABLED_S,1,ai
790,error_sum,SR05A-PC-HSTR-11:ERCSUM,0,ai
790,error_sum,SR05A-PC-VSTR-11:ERCSUM,0,ai
790,state,SR05A-PC-HSTR-11:STATE,2,ai
790,state,SR05A-PC-VSTR-11:STATE,2,ai
800,offset,SR05A-PC-Q2N-16:OFFSET1,0,ai
802,error_sum,SR05A-PC-HSTR-12:ERCSUM,0,ai
802,error_sum,SR05A-PC-VSTR-12:ERCSUM,0,ai
802,state,SR05A-PC-HSTR-12:STATE,2,ai
802,state,SR05A-PC-VSTR-12:STATE,2,ai
804,offset,SR05A-PC-Q1N-17:OFFSET1,0,ai
807,enabled,SR05C-DI-EBPM-11:CF:ENABLED_S,1,ai
826,enabled,SR06C-DI-EBPM-01:CF:ENABLED_S,1,ai
832,offset,SR06A-PC-Q1N-01:OFFSET1,0,ai
834,error_sum,SR06A-PC-HSTR-01:ERCSUM,0,ai
834,error_sum,SR06A-PC-VSTR-01:ERCSUM,0,ai
834,state,SR06A-PC-HSTR-01:STATE,2,ai
834,state,SR06A-PC-VSTR-01:STATE,2,ai
836,offset,SR06A-PC-Q2N-02:OFFSET1,0,ai
846,error_sum,SR06A-PC-HSTR-02:ERCSUM,0,ai
846,error_sum,SR06A-PC-VSTR-02:ERCSUM,0,ai
846,state,SR06A-PC-HSTR-02:STATE,2,ai
846,state,SR06A-PC-VSTR-02:STATE,2,ai
848,enabled,SR06C-DI-EBPM-02:CF:ENABLED_S,1,ai
852,error_sum,SR06A-PC-HSTR-03:ERCSUM,0,ai
852,error_sum,SR06A-PC-VSTR-03:ERCSUM,0,ai
852,state,SR06A-PC-HSTR-03:STATE,2,ai
852,state,SR06A-PC-VSTR-03:STATE,2,ai
858,enabled,SR06C-DI-EBPM-03:CF:ENABLED_S,1,ai
863,error_sum,SR06A-PC-HSTR-04:ERCSUM,0,ai
863,error_sum,SR06A-PC-VSTR-04:ERCSUM,0,ai
863,state,SR06A-PC-HSTR-04:STATE,2,ai
863,state,SR06A-PC-VSTR-04:STATE,2,ai
873,error_sum,SR06A-PC-HSTR-05:ERCSUM,0,ai
873,error_sum,SR06A-PC-VSTR-05:ERCSUM,0,ai
873,state,SR06A-PC-HSTR-05:STATE,2,ai
873,state,SR06A-PC-VSTR-05:STATE,2,ai
878,enabled,SR06C-DI-EBPM-04:CF:ENABLED_S,1,ai
886,error_sum,SR06A-PC-HSTR-06:ERCSUM,0,ai
886,error_sum,SR06A-PC-VSTR-06:ERCSUM,0,ai
886,state,SR06A-PC-HSTR-06:STATE,2,ai
886,state,SR06A-PC-VSTR-06:STATE,2,ai
889,enabled,SR06C-DI-EBPM-05:CF:ENABLED_S,1,ai
900,enabled,SR06C-DI-EBPM-06:CF:ENABLED_S,1,ai
906,error_sum,SR06A-PC-HSTR-07:ERCSUM,0,ai
906,error_sum,SR06A-PC-VSTR-07:ERCSUM,0,ai
906,state,SR06A-PC-HSTR-07:STATE,2,ai
906,state,SR06A-PC-VSTR-07:STATE,2,ai
914,enabled,SR06C-DI-EBPM-07:CF:ENABLED_S,1,ai
916,error_sum,SR06A-PC-HSTR-08:ERCSUM,0,ai
916,error_sum,SR06A-PC-VSTR-08:ERCSUM,0,ai
916,state,SR06A-PC-HSTR-08:STATE,2,ai
916,state,SR06A-PC-VSTR-08:STATE,2,ai
926,error_sum,SR06A-PC-HSTR-09:ERCSUM,0,ai
926,error_sum,SR06A-PC-VSTR-09:ERCSUM,0,ai
926,state,SR06A-PC-HSTR-09:STATE,2,ai
926,state,SR06A-PC-VSTR-09:STATE,2,ai
928,enabled,SR06C-DI-EBPM-08:CF:ENABLED_S,1,ai
937,error_sum,SR06A-PC-HSTR-10:ERCSUM,0,ai
937,error_sum,SR06A-PC-VSTR-10:ERCSUM,0,ai
937,state,SR06A-PC-HSTR-10:STATE,2,ai
937,state,SR06A-PC-VSTR-10:STATE,2,ai
944,enabled,SR06C-DI-EBPM-09:CF:ENABLED_S,1,ai
946,error_sum,SR06A-PC-HSTR-11:ERCSUM,0,ai
946,error_sum,SR06A-PC-VSTR-11:ERCSUM,0,ai
946,state,SR06A-PC-HSTR-11:STATE,2,ai
946,state,SR06A-PC-VSTR-11:STATE,2,ai
956,offset,SR06A-PC-Q2N-15:OFFSET1,0,ai
958,error_sum,SR06A-PC-HSTR-12:ERCSUM,0,ai
958,error_sum,SR06A-PC-VSTR-12:ERCSUM,0,ai
958,state,SR06A-PC-HSTR-12:STATE,2,ai
958,state,SR06A-PC-VSTR-12:STATE,2,ai
960,offset,SR06A-PC-Q1N-16:OFFSET1,0,ai
963,enabled,SR06C-DI-EBPM-10:CF:ENABLED_S,1,ai
991,enabled,SR07C-DI-EBPM-01:CF:ENABLED_S,1,ai
997,offset,SR07A-PC-Q1N-01:OFFSET1,0,ai
999,error_sum,SR07A-PC-HSTR-01:ERCSUM,0,ai
999,error_sum,SR07A-PC-VSTR-01:ERCSUM,0,ai
999,state,SR07A-PC-HSTR-01:STATE,2,ai
999,state,SR07A-PC-VSTR-01:STATE,2,ai
1001,offset,SR07A-PC-Q2N-02:OFFSET1,0,ai
1011,error_sum,SR07A-PC-HSTR-02:ERCSUM,0,ai
1011,error_sum,SR07A-PC-VSTR-02:ERCSUM,0,ai
1011,state,SR07A-PC-HSTR-02:STATE,2,ai
1011,state,SR07A-PC-VSTR-02:STATE,2,ai
1013,enabled,SR07C-DI-EBPM-02:CF:ENABLED_S,1,ai
1017,error_sum,SR07A-PC-HSTR-03:ERCSUM,0,ai
1017,error_sum,SR07A-PC-VSTR-03:ERCSUM,0,ai
1017,state,SR07A-PC-HSTR-03:STATE,2,ai
1017,state,SR07A-PC-VSTR-03:STATE,2,ai
1023,enabled,SR07C-DI-EBPM-03:CF:ENABLED_S,1,ai
1028,error_sum,SR07A-PC-HSTR-04:ERCSUM,0,ai
1028,error_sum,SR07A-PC-VSTR-04:ERCSUM,0,ai
1028,state,SR07A-PC-HSTR-04:STATE,2,ai
1028,state,SR07A-PC-VSTR-04:STATE,2,ai
1038,error_sum,SR07A-PC-HSTR-05:ERCSUM,0,ai
1038,error_sum,SR07A-PC-VSTR-05:ERCSUM,0,ai
1038,state,SR07A-PC-HSTR-05:STATE,2,ai
1038,state,SR07A-PC-VSTR-05:STATE,2,ai
1043,enabled,SR07C-DI-EBPM-04:CF:ENABLED_S,1,ai
1051,error_sum,SR07A-PC-HSTR-06:ERCSUM,0,ai
1051,error_sum,SR07A-PC-VSTR-06:ERCSUM,0,ai
1051,state,SR07A-PC-HSTR-06:STATE,2,ai
1051,state,SR07A-PC-VSTR-06:STATE,2,ai
1054,enabled,SR07C-DI-EBPM-05:CF:ENABLED_S,1,ai
1072,enabled,SR07C-DI-EBPM-06:CF:ENABLED_S,1,ai
1078,error_sum,SR07A-PC-HSTR-07:ERCSUM,0,ai
1078,error_sum,SR07A-PC-VSTR-07:ERCSUM,0,ai
1078,state,SR07A-PC-HSTR-07:STATE,2,ai
1078,state,SR07A-PC-VSTR-07:STATE,2,ai
1086,enabled,SR07C-DI-EBPM-07:CF:ENABLED_S,1,ai
1088,error_sum,SR07A-PC-HSTR-08:ERCSUM,0,ai
1088,error_sum,SR07A-PC-VSTR-08:ERCSUM,0,ai
1088,state,SR07A-PC-HSTR-08:STATE,2,ai
1088,state,SR07A-PC-VSTR-08:STATE,2,ai
1098,error_sum,SR07A-PC-HSTR-09:ERCSUM,0,ai
1098,error_sum,SR07A-PC-VSTR-09:ERCSUM,0,ai
1098,state,SR07A-PC-HSTR-09:STATE,2,ai
1098,state,SR07A-PC-VSTR-09:STATE,2,ai
1100,enabled,SR07C-DI-EBPM-08:CF:ENABLED_S,1,ai
1109,error_sum,SR07A-PC-HSTR-10:ERCSUM,0,ai
1109,error_sum,SR07A-PC-VSTR-10:ERCSUM,0,ai
1109,state,SR07A-PC-HSTR-10:STATE,2,ai
1109,state,SR07A-PC-VSTR-10:STATE,2,ai
1117,enabled,SR07C-DI-EBPM-09:CF:ENABLED_S,1,ai
1119,error_sum,SR07A-PC-HSTR-11:ERCSUM,0,ai
1119,error_sum,SR07A-PC-VSTR-11:ERCSUM,0,ai
1119,state,SR07A-PC-HSTR-11:STATE,2,ai
1119,state,SR07A-PC-VSTR-11:STATE,2,ai
1129,offset,SR07A-PC-Q2N-15:OFFSET1,0,ai
1131,error_sum,SR07A-PC-HSTR-12:ERCSUM,0,ai
1131,error_sum,SR07A-PC-VSTR-12:ERCSUM,0,ai
1131,state,SR07A-PC-HSTR-12:STATE,2,ai
1131,state,SR07A-PC-VSTR-12:STATE,2,ai
1133,offset,SR07A-PC-Q1N-16:OFFSET1,0,ai
1136,enabled,SR07C-DI-EBPM-10:CF:ENABLED_S,1,ai
1154,enabled,SR08C-DI-EBPM-01:CF:ENABLED_S,1,ai
1160,offset,SR08A-PC-Q1N-01:OFFSET1,0,ai
1162,error_sum,SR08A-PC-HSTR-01:ERCSUM,0,ai
1162,error_sum,SR08A-PC-VSTR-01:ERCSUM,0,ai
1162,state,SR08A-PC-HSTR-01:STATE,2,ai
1162,state,SR08A-PC-VSTR-01:STATE,2,ai
1164,offset,SR08A-PC-Q2N-02:OFFSET1,0,ai
1174,error_sum,SR08A-PC-HSTR-02:ERCSUM,0,ai
1174,error_sum,SR08A-PC-VSTR-02:ERCSUM,0,ai
1174,state,SR08A-PC-HSTR-02:STATE,2,ai
1174,state,SR08A-PC-VSTR-02:STATE,2,ai
1176,enabled,SR08C-DI-EBPM-02:CF:ENABLED_S,1,ai
1180,error_sum,SR08A-PC-HSTR-03:ERCSUM,0,ai
1180,error_sum,SR08A-PC-VSTR-03:ERCSUM,0,ai
1180,state,SR08A-PC-HSTR-03:STATE,2,ai
1180,state,SR08A-PC-VSTR-03:STATE,2,ai
1186,enabled,SR08C-DI-EBPM-03:CF:ENABLED_S,1,ai
1191,error_sum,SR08A-PC-HSTR-04:ERCSUM,0,ai
1191,error_sum,SR08A-PC-VSTR-04:ERCSUM,0,ai
1191,state,SR08A-PC-HSTR-04:STATE,2,ai
1191,state,SR08A-PC-VSTR-04:STATE,2,ai
1201,error_sum,SR08A-PC-HSTR-05:ERCSUM,0,ai
1201,error_sum,SR08A-PC-VSTR-05:ERCSUM,0,ai
1201,state,SR08A-PC-HSTR-05:STATE,2,ai
1201,state,SR08A-PC-VSTR-05:STATE,2,ai
1206,enabled,SR08C-DI-EBPM-04:CF:ENABLED_S,1,ai
1214,error_sum,SR08A-PC-HSTR-06:ERCSUM,0,ai
1214,error_sum,SR08A-PC-VSTR-06:ERCSUM,0,ai
1214,state,SR08A-PC-HSTR-06:STATE,2,ai
1214,state,SR08A-PC-VSTR-06:STATE,2,ai
1217,enabled,SR08C-DI-EBPM-05:CF:ENABLED_S,1,ai
1224,enabled,SR08C-DI-EBPM-06:CF:ENABLED_S,1,ai
1230,error_sum,SR08A-PC-HSTR-07:ERCSUM,0,ai
1230,error_sum,SR08A-PC-VSTR-07:ERCSUM,0,ai
1230,state,SR08A-PC-HSTR-07:STATE,2,ai
1230,state,SR08A-PC-VSTR-07:STATE,2,ai
1238,enabled,SR08C-DI-EBPM-07:CF:ENABLED_S,1,ai
1240,error_sum,SR08A-PC-HSTR-08:ERCSUM,0,ai
1240,error_sum,SR08A-PC-VSTR-08:ERCSUM,0,ai
1240,state,SR08A-PC-HSTR-08:STATE,2,ai
1240,state,SR08A-PC-VSTR-08:STATE,2,ai
1250,error_sum,SR08A-PC-HSTR-09:ERCSUM,0,ai
1250,error_sum,SR08A-PC-VSTR-09:ERCSUM,0,ai
1250,state,SR08A-PC-HSTR-09:STATE,2,ai
1250,state,SR08A-PC-VSTR-09:STATE,2,ai
1252,enabled,SR08C-DI-EBPM-08:CF:ENABLED_S,1,ai
1268,enabled,SR08C-DI-EBPM-09:CF:ENABLED_S,1,ai
1270,error_sum,SR08A-PC-HSTR-10:ERCSUM,0,ai
1270,error_sum,SR08A-PC-VSTR-10:ERCSUM,0,ai
1270,state,SR08A-PC-HSTR-10:STATE,2,ai
1270,state,SR08A-PC-VSTR-10:STATE,2,ai
1280,offset,SR08A-PC-Q2L-15:OFFSET1,0,ai
1282,enabled,SR08C-DI-EBPM-10:CF:ENABLED_S,1,ai
1284,error_sum,SR08A-PC-HSTR-11:ERCSUM,0,ai
1284,error_sum,SR08A-PC-VSTR-11:ERCSUM,0,ai
1284,state,SR08A-PC-HSTR-11:STATE,2,ai
1284,state,SR08A-PC-VSTR-11:STATE,2,ai
1286,offset,SR08A-PC-Q1L-16:OFFSET1,0,ai
1288,error_sum,SR08A-PC-HSTR-12:ERCSUM,0,ai
1288,error_sum,SR08A-PC-VSTR-12:ERCSUM,0,ai
1288,state,SR08A-PC-HSTR-12:STATE,2,ai
1288,state,SR08A-PC-VSTR-12:STATE,2,ai
1290,offset,SR08A-PC-Q0L-17:OFFSET1,0,ai
1298,enabled,SR08C-DI-EBPM-11:CF:ENABLED_S,1,ai
1346,enabled,SR09C-DI-EBPM-01:CF:ENABLED_S,1,ai
1354,offset,SR09A-PC-Q0L-01:OFFSET1,0,ai
1356,error_sum,SR09A-PC-HSTR-01:ERCSUM,0,ai
1356,error_sum,SR09A-PC-VSTR-01:ERCSUM,0,ai
1356,state,SR09A-PC-HSTR-01:STATE,2,ai
1356,state,SR09A-PC-VSTR-01:STATE,2,ai
1358,offset,SR09A-PC-Q1L-02:OFFSET1,0,ai
1360,error_sum,SR09A-PC-HSTR-02:ERCSUM,0,ai
1360,error_sum,SR09A-PC-VSTR-02:ERCSUM,0,ai
1360,state,SR09A-PC-HSTR-02:STATE,2,ai
1360,state,SR09A-PC-VSTR-02:STATE,2,ai
1362,enabled,SR09C-DI-EBPM-02:CF:ENABLED_S,1,ai
1367,offset,SR09A-PC-Q2L-03:OFFSET1,0,ai
1377,error_sum,SR09A-PC-HSTR-03:ERCSUM,0,ai
1377,error_sum,SR09A-PC-VSTR-03:ERCSUM,0,ai
1377,state,SR09A-PC-HSTR-03:STATE,2,ai
1377,state,SR09A-PC-VSTR-03:STATE,2,ai
1379,enabled,SR09C-DI-EBPM-03:CF:ENABLED_S,1,ai
1383,error_sum,SR09A-PC-HSTR-04:ERCSUM,0,ai
1383,error_sum,SR09A-PC-VSTR-04:ERCSUM,0,ai
1383,state,SR09A-PC-HSTR-04:STATE,2,ai
1383,state,SR09A-PC-VSTR-04:STATE,2,ai
1389,enabled,SR09C-DI-EBPM-04:CF:ENABLED_S,1,ai
1394,error_sum,SR09A-PC-HSTR-05:ERCSUM,0,ai
1394,state,SR09A-PC-HSTR-05:STATE,2,ai
1395,error_sum,SR09A-PC-VSTR-05:ERCSUM,0,ai
1395,state,SR09A-PC-VSTR-05:STATE,2,ai
1406,error_sum,SR09A-PC-HSTR-06:ERCSUM,0,ai
1406,error_sum,SR09A-PC-VSTR-06:ERCSUM,0,ai
1406,state,SR09A-PC-HSTR-06:STATE,2,ai
1406,state,SR09A-PC-VSTR-06:STATE,2,ai
1411,enabled,SR09C-DI-EBPM-05:CF:ENABLED_S,1,ai
1419,error_sum,SR09A-PC-HSTR-07:ERCSUM,0,ai
1419,error_sum,SR09A-PC-VSTR-07:ERCSUM,0,ai
1419,state,SR09A-PC-HSTR-07:STATE,2,ai
1419,state,SR09A-PC-VSTR-07:STATE,2,ai
1422,enabled,SR09C-DI-EBPM-06:CF:ENABLED_S,1,ai
1433,enabled,SR09C-DI-EBPM-07:CF:ENABLED_S,1,ai
1439,error_sum,SR09A-PC-HSTR-08:ERCSUM,0,ai
1439,error_sum,SR09A-PC-VSTR-08:ERCSUM,0,ai
1439,state,SR09A-PC-HSTR-08:STATE,2,ai
1439,state,SR09A-PC-VSTR-08:STATE,2,ai
1447,enabled,SR09C-DI-EBPM-08:CF:ENABLED_S,1,ai
1449,error_sum,SR09A-PC-HSTR-09:ERCSUM,0,ai
1449,error_sum,SR09A-PC-VSTR-09:ERCSUM,0,ai
1449,state,SR09A-PC-HSTR-09:STATE,2,ai
1449,state,SR09A-PC-VSTR-09:STATE,2,ai
1459,error_sum,SR09A-PC-HSTR-10:ERCSUM,0,ai
1459,error_sum,SR09A-PC-VSTR-10:ERCSUM,0,ai
1459,state,SR09A-PC-HSTR-10:STATE,2,ai
1459,state,SR09A-PC-VSTR-10:STATE,2,ai
1461,enabled,SR09C-DI-EBPM-09:CF:ENABLED_S,1,ai
1478,enabled,SR09C-DI-EBPM-10:CF:ENABLED_S,1,ai
1480,error_sum,SR09A-PC-HSTR-11:ERCSUM,0,ai
1480,error_sum,SR09A-PC-VSTR-11:ERCSUM,0,ai
1480,state,SR09A-PC-HSTR-11:STATE,2,ai
1480,state,SR09A-PC-VSTR-11:STATE,2,ai
1490,offset,SR09A-PC-Q2N-16:OFFSET1,0,ai
1492,error_sum,SR09A-PC-HSTR-12:ERCSUM,0,ai
1492,error_sum,SR09A-PC-VSTR-12:ERCSUM,0,ai
1492,state,SR09A-PC-HSTR-12:STATE,2,ai
1492,state,SR09A-PC-VSTR-12:STATE,2,ai
1494,offset,SR09A-PC-Q1N-17:OFFSET1,0,ai
1497,enabled,SR09C-DI-EBPM-11:CF:ENABLED_S,1,ai
1515,enabled,SR10C-DI-EBPM-01:CF:ENABLED_S,1,ai
1521,offset,SR10A-PC-Q1N-01:OFFSET1,0,ai
1523,error_sum,SR10A-PC-HSTR-01:ERCSUM,0,ai
1523,error_sum,SR10A-PC-VSTR-01:ERCSUM,0,ai
1523,state,SR10A-PC-HSTR-01:STATE,2,ai
1523,state,SR10A-PC-VSTR-01:STATE,2,ai
1525,offset,SR10A-PC-Q2N-02:OFFSET1,0,ai
1535,error_sum,SR10A-PC-HSTR-02:ERCSUM,0,ai
1535,error_sum,SR10A-PC-VSTR-02:ERCSUM,0,ai
1535,state,SR10A-PC-HSTR-02:STATE,2,ai
1535,state,SR10A-PC-VSTR-02:STATE,2,ai
1537,enabled,SR10C-DI-EBPM-02:CF:ENABLED_S,1,ai
1541,error_sum,SR10A-PC-HSTR-03:ERCSUM,0,ai
1541,error_sum,SR10A-PC-VSTR-03:ERCSUM,0,ai
1541,state,SR10A-PC-HSTR-03:STATE,2,ai
1541,state,SR10A-PC-VSTR-03:STATE,2,ai
1547,enabled,SR10C-DI-EBPM-03:CF:ENABLED_S,1,ai
1552,error_sum,SR10A-PC-HSTR-04:ERCSUM,0,ai
1552,error_sum,SR10A-PC-VSTR-04:ERCSUM,0,ai
1552,state,SR10A-PC-HSTR-04:STATE,2,ai
1552,state,SR10A-PC-VSTR-04:STATE,2,ai
1562,error_sum,SR10A-PC-HSTR-05:ERCSUM,0,ai
1562,error_sum,SR10A-PC-VSTR-05:ERCSUM,0,ai
1562,state,SR10A-PC-HSTR-05:STATE,2,ai
1562,state,SR10A-PC-VSTR-05:STATE,2,ai
1567,enabled,SR10C-DI-EBPM-04:CF:ENABLED_S,1,ai
1575,error_sum,SR10A-PC-HSTR-06:ERCSUM,0,ai
1575,error_sum,SR10A-PC-VSTR-06:ERCSUM,0,ai
1575,state,SR10A-PC-HSTR-06:STATE,2,ai
1575,state,SR10A-PC-VSTR-06:STATE,2,ai
1578,enabled,SR10C-DI-EBPM-05:CF:ENABLED_S,1,ai
1585,enabled,SR10C-DI-EBPM-06:CF:ENABLED_S,1,ai
1591,error_sum,SR10A-PC-HSTR-07:ERCSUM,0,ai
1591,error_sum,SR10A-PC-VSTR-07:ERCSUM,0,ai
1591,state,SR10A-PC-HSTR-07:STATE,2,ai
1591,state,SR10A-PC-VSTR-07:STATE,2,ai
1599,enabled,SR10C-DI-EBPM-07:CF:ENABLED_S,1,ai
1601,error_sum,SR10A-PC-HSTR-08:ERCSUM,0,ai
1601,error_sum,SR10A-PC-VSTR-08:ERCSUM,0,ai
1601,state,SR10A-PC-HSTR-08:STATE,2,ai
1601,state,SR10A-PC-VSTR-08:STATE,2,ai
1611,error_sum,SR10A-PC-HSTR-09:ERCSUM,0,ai
1611,error_sum,SR10A-PC-VSTR-09:ERCSUM,0,ai
1611,state,SR10A-PC-HSTR-09:STATE,2,ai
1611,state,SR10A-PC-VSTR-09:STATE,2,ai
1613,enabled,SR10C-DI-EBPM-08:CF:ENABLED_S,1,ai
1622,error_sum,SR10A-PC-HSTR-10:ERCSUM,0,ai
1622,error_sum,SR10A-PC-VSTR-10:ERCSUM,0,ai
1622,state,SR10A-PC-HSTR-10:STATE,2,ai
1622,state,SR10A-PC-VSTR-10:STATE,2,ai
1629,enabled,SR10C-DI-EBPM-09:CF:ENABLED_S,1,ai
1631,error_sum,SR10A-PC-HSTR-11:ERCSUM,0,ai
1631,error_sum,SR10A-PC-VSTR-11:ERCSUM,0,ai
1631,state,SR10A-PC-HSTR-11:STATE,2,ai
1631,state,SR10A-PC-VSTR-11:STATE,2,ai
1641,offset,SR10A-PC-Q2N-15:OFFSET1,0,ai
1643,error_sum,SR10A-PC-HSTR-12:ERCSUM,0,ai
1643,error_sum,SR10A-PC-VSTR-12:ERCSUM,0,ai
1643,state,SR10A-PC-HSTR-12:STATE,2,ai
1643,state,SR10A-PC-VSTR-12:STATE,2,ai
1645,offset,SR10A-PC-Q1N-16:OFFSET1,0,ai
1648,enabled,SR10C-DI-EBPM-10:CF:ENABLED_S,1,ai
1676,enabled,SR11C-DI-EBPM-01:CF:ENABLED_S,1,ai
1682,offset,SR11A-PC-Q1N-01:OFFSET1,0,ai
1684,error_sum,SR11A-PC-HSTR-01:ERCSUM,0,ai
1684,error_sum,SR11A-PC-VSTR-01:ERCSUM,0,ai
1684,state,SR11A-PC-HSTR-01:STATE,2,ai
1684,state,SR11A-PC-VSTR-01:STATE,2,ai
1686,offset,SR11A-PC-Q2N-02:OFFSET1,0,ai
1696,error_sum,SR11A-PC-HSTR-02:ERCSUM,0,ai
1696,error_sum,SR11A-PC-VSTR-02:ERCSUM,0,ai
1696,state,SR11A-PC-HSTR-02:STATE,2,ai
1696,state,SR11A-PC-VSTR-02:STATE,2,ai
1698,enabled,SR11C-DI-EBPM-02:CF:ENABLED_S,1,ai
1702,error_sum,SR11A-PC-HSTR-03:ERCSUM,0,ai
1702,error_sum,SR11A-PC-VSTR-03:ERCSUM,0,ai
1702,state,SR11A-PC-HSTR-03:STATE,2,ai
1702,state,SR11A-PC-VSTR-03:STATE,2,ai
1708,enabled,SR11C-DI-EBPM-03:CF:ENABLED_S,1,ai
1713,error_sum,SR11A-PC-HSTR-04:ERCSUM,0,ai
1713,error_sum,SR11A-PC-VSTR-04:ERCSUM,0,ai
1713,state,SR11A-PC-HSTR-04:STATE,2,ai
1713,state,SR11A-PC-VSTR-04:STATE,2,ai
1723,error_sum,SR11A-PC-HSTR-05:ERCSUM,0,ai
1723,error_sum,SR11A-PC-VSTR-05:ERCSUM,0,ai
1723,state,SR11A-PC-HSTR-05:STATE,2,ai
1723,state,SR11A-PC-VSTR-05:STATE,2,ai
1728,enabled,SR11C-DI-EBPM-04:CF:ENABLED_S,1,ai
1736,error_sum,SR11A-PC-HSTR-06:ERCSUM,0,ai
1736,error_sum,SR11A-PC-VSTR-06:ERCSUM,0,ai
1736,state,SR11A-PC-HSTR-06:STATE,2,ai
1736,state,SR11A-PC-VSTR-06:STATE,2,ai
1739,enabled,SR11C-DI-EBPM-05:CF:ENABLED_S,1,ai
1757,enabled,SR11C-DI-EBPM-06:CF:ENABLED_S,1,ai
1763,error_sum,SR11A-PC-HSTR-07:ERCSUM,0,ai
1763,error_sum,SR11A-PC-VSTR-07:ERCSUM,0,ai
1763,state,SR11A-PC-HSTR-07:STATE,2,ai
1763,state,SR11A-PC-VSTR-07:STATE,2,ai
1771,enabled,SR11C-DI-EBPM-07:CF:ENABLED_S,1,ai
1773,error_sum,SR11A-PC-HSTR-08:ERCSUM,0,ai
1773,error_sum,SR11A-PC-VSTR-08:ERCSUM,0,ai
1773,state,SR11A-PC-HSTR-08:STATE,2,ai
1773,state,SR11A-PC-VSTR-08:STATE,2,ai
1783,error_sum,SR11A-PC-HSTR-09:ERCSUM,0,ai
1783,error_sum,SR11A-PC-VSTR-09:ERCSUM,0,ai
1783,state,SR11A-PC-HSTR-09:STATE,2,ai
1783,state,SR11A-PC-VSTR-09:STATE,2,ai
1785,enabled,SR11C-DI-EBPM-08:CF:ENABLED_S,1,ai
1794,error_sum,SR11A-PC-HSTR-10:ERCSUM,0,ai
1794,error_sum,SR11A-PC-VSTR-10:ERCSUM,0,ai
1794,state,SR11A-PC-HSTR-10:STATE,2,ai
1794,state,SR11A-PC-VSTR-10:STATE,2,ai
1801,enabled,SR11C-DI-EBPM-09:CF:ENABLED_S,1,ai
1803,error_sum,SR11A-PC-HSTR-11:ERCSUM,0,ai
1803,error_sum,SR11A-PC-VSTR-11:ERCSUM,0,ai
1803,state,SR11A-PC-HSTR-11:STATE,2,ai
1803,state,SR11A-PC-VSTR-11:STATE,2,ai
1813,offset,SR11A-PC-Q2N-15:OFFSET1,0,ai
1815,error_sum,SR11A-PC-HSTR-12:ERCSUM,0,ai
1815,error_sum,SR11A-PC-VSTR-12:ERCSUM,0,ai
1815,state,SR11A-PC-HSTR-12:STATE,2,ai
1815,state,SR11A-PC-VSTR-12:STATE,2,ai
1817,offset,SR11A-PC-Q1N-16:OFFSET1,0,ai
1820,enabled,SR11C-DI-EBPM-10:CF:ENABLED_S,1,ai
1836,enabled,SR12C-DI-EBPM-01:CF:ENABLED_S,1,ai
1842,offset,SR12A-PC-Q1N-01:OFFSET1,0,ai
1844,error_sum,SR12A-PC-HSTR-01:ERCSUM,0,ai
1844,error_sum,SR12A-PC-VSTR-01:ERCSUM,0,ai
1844,state,SR12A-PC-HSTR-01:STATE,2,ai
1844,state,SR12A-PC-VSTR-01:STATE,2,ai
1846,offset,SR12A-PC-Q2N-02:OFFSET1,0,ai
1856,error_sum,SR12A-PC-HSTR-02:ERCSUM,0,ai
1856,error_sum,SR12A-PC-VSTR-02:ERCSUM,0,ai
1856,state,SR12A-PC-HSTR-02:STATE,2,ai
1856,state,SR12A-PC-VSTR-02:STATE,2,ai
1858,enabled,SR12C-DI-EBPM-02:CF:ENABLED_S,1,ai
1862,error_sum,SR12A-PC-HSTR-03:ERCSUM,0,ai
1862,error_sum,SR12A-PC-VSTR-03:ERCSUM,0,ai
1862,state,SR12A-PC-HSTR-03:STATE,2,ai
1862,state,SR12A-PC-VSTR-03:STATE,2,ai
1868,enabled,SR12C-DI-EBPM-03:CF:ENABLED_S,1,ai
1873,error_sum,SR12A-PC-HSTR-04:ERCSUM,0,ai
1873,error_sum,SR12A-PC-VSTR-04:ERCSUM,0,ai
1873,state,SR12A-PC-HSTR-04:STATE,2,ai
1873,state,SR12A-PC-VSTR-04:STATE,2,ai
1883,error_sum,SR12A-PC-HSTR-05:ERCSUM,0,ai
1883,error_sum,SR12A-PC-VSTR-05:ERCSUM,0,ai
1883,state,SR12A-PC-HSTR-05:STATE,2,ai
1883,state,SR12A-PC-VSTR-05:STATE,2,ai
1888,enabled,SR12C-DI-EBPM-04:CF:ENABLED_S,1,ai
1896,error_sum,SR12A-PC-HSTR-06:ERCSUM,0,ai
1896,error_sum,SR12A-PC-VSTR-06:ERCSUM,0,ai
1896,state,SR12A-PC-HSTR-06:STATE,2,ai
1896,state,SR12A-PC-VSTR-06:STATE,2,ai
1899,enabled,SR12C-DI-EBPM-05:CF:ENABLED_S,1,ai
1906,enabled,SR12C-DI-EBPM-06:CF:ENABLED_S,1,ai
1912,error_sum,SR12A-PC-HSTR-07:ERCSUM,0,ai
1912,error_sum,SR12A-PC-VSTR-07:ERCSUM,0,ai
1912,state,SR12A-PC-HSTR-07:STATE,2,ai
1912,state,SR12A-PC-VSTR-07:STATE,2,ai
1920,enabled,SR12C-DI-EBPM-07:CF:ENABLED_S,1,ai
1922,error_sum,SR12A-PC-HSTR-08:ERCSUM,0,ai
1922,error_sum,SR12A-PC-VSTR-08:ERCSUM,0,ai
1922,state,SR12A-PC-HSTR-08:STATE,2,ai
1922,state,SR12A-PC-VSTR-08:STATE,2,ai
1932,error_sum,SR12A-PC-HSTR-09:ERCSUM,0,ai
1932,error_sum,SR12A-PC-VSTR-09:ERCSUM,0,ai
1932,state,SR12A-PC-HSTR-09:STATE,2,ai
1932,state,SR12A-PC-VSTR-09:STATE,2,ai
1934,enabled,SR12C-DI-EBPM-08:CF:ENABLED_S,1,ai
1950,enabled,SR12C-DI-EBPM-09:CF:ENABLED_S,1,ai
1952,error_sum,SR12A-PC-HSTR-10:ERCSUM,0,ai
1952,error_sum,SR12A-PC-VSTR-10:ERCSUM,0,ai
1952,state,SR12A-PC-HSTR-10:STATE,2,ai
1952,state,SR12A-PC-VSTR-10:STATE,2,ai
1962,offset,SR12A-PC-Q2L-15:OFFSET1,0,ai
1964,enabled,SR12C-DI-EBPM-10:CF:ENABLED_S,1,ai
1966,error_sum,SR12A-PC-HSTR-11:ERCSUM,0,ai
1966,error_sum,SR12A-PC-VSTR-11:ERCSUM,0,ai
1966,state,SR12A-PC-HSTR-11:STATE,2,ai
1966,state,SR12A-PC-VSTR-11:STATE,2,ai
1968,offset,SR12A-PC-Q1L-16:OFFSET1,0,ai
1970,error_sum,SR12A-PC-HSTR-12:ERCSUM,0,ai
1970,error_sum,SR12A-PC-VSTR-12:ERCSUM,0,ai
1970,state,SR12A-PC-HSTR-12:STATE,2,ai
1970,state,SR12A-PC-VSTR-12:STATE,2,ai
1972,offset,SR12A-PC-Q0L-17:OFFSET1,0,ai
1980,enabled,SR12C-DI-EBPM-11:CF:ENABLED_S,1,ai
2026,enabled,SR13C-DI-EBPM-01:CF:ENABLED_S,1,ai
2034,offset,SR13A-PC-Q0L-01:OFFSET1,0,ai
2036,error_sum,SR13A-PC-HSTR-01:ERCSUM,0,ai
2036,error_sum,SR13A-PC-VSTR-01:ERCSUM,0,ai
2036,state,SR13A-PC-HSTR-01:STATE,2,ai
2036,state,SR13A-PC-VSTR-01:STATE,2,ai
2038,offset,SR13A-PC-Q1L-02:OFFSET1,0,ai
2040,error_sum,SR13A-PC-HSTR-02:ERCSUM,0,ai
2040,error_sum,SR13A-PC-VSTR-02:ERCSUM,0,ai
2040,state,SR13A-PC-HSTR-02:STATE,2,ai
2040,state,SR13A-PC-VSTR-02:STATE,2,ai
2042,enabled,SR13C-DI-EBPM-02:CF:ENABLED_S,1,ai
2047,offset,SR13A-PC-Q2L-03:OFFSET1,0,ai
2057,error_sum,SR13A-PC-HSTR-03:ERCSUM,0,ai
2057,error_sum,SR13A-PC-VSTR-03:ERCSUM,0,ai
2057,state,SR13A-PC-HSTR-03:STATE,2,ai
2057,state,SR13A-PC-VSTR-03:STATE,2,ai
2059,enabled,SR13C-DI-EBPM-03:CF:ENABLED_S,1,ai
2063,error_sum,SR13A-PC-HSTR-04:ERCSUM,0,ai
2063,error_sum,SR13A-PC-VSTR-04:ERCSUM,0,ai
2063,state,SR13A-PC-HSTR-04:STATE,2,ai
2063,state,SR13A-PC-VSTR-04:STATE,2,ai
2069,enabled,SR13C-DI-EBPM-04:CF:ENABLED_S,1,ai
2074,error_sum,SR13A-PC-HSTR-05:ERCSUM,0,ai
2074,state,SR13A-PC-HSTR-05:STATE,2,ai
2075,error_sum,SR13A-PC-VSTR-05:ERCSUM,0,ai
2075,state,SR13A-PC-VSTR-05:STATE,2,ai
2086,error_sum,SR13A-PC-HSTR-06:ERCSUM,0,ai
2086,error_sum,SR13A-PC-VSTR-06:ERCSUM,0,ai
2086,state,SR13A-PC-HSTR-06:STATE,2,ai
2086,state,SR13A-PC-VSTR-06:STATE,2,ai
2091,enabled,SR13C-DI-EBPM-05:CF:ENABLED_S,1,ai
2099,error_sum,SR13A-PC-HSTR-07:ERCSUM,0,ai
2099,error_sum,SR13A-PC-VSTR-07:ERCSUM,0,ai
2099,state,SR13A-PC-HSTR-07:STATE,2,ai
2099,state,SR13A-PC-VSTR-07:STATE,2,ai
2102,enabled,SR13C-DI-EBPM-06:CF:ENABLED_S,1,ai
2109,enabled,SR13C-DI-EBPM-07:CF:ENABLED_S,1,ai
2115,error_sum,SR13A-PC-HSTR-08:ERCSUM,0,ai
2115,error_sum,SR13A-PC-VSTR-08:ERCSUM,0,ai
2115,state,SR13A-PC-HSTR-08:STATE,2,ai
2115,state,SR13A-PC-VSTR-08:STATE,2,ai
2123,enabled,SR13C-DI-EBPM-08:CF:ENABLED_S,1,ai
2125,error_sum,SR13A-PC-HSTR-09:ERCSUM,0,ai
2125,error_sum,SR13A-PC-VSTR-09:ERCSUM,0,ai
2125,state,SR13A-PC-HSTR-09:STATE,2,ai
2125,state,SR13A-PC-VSTR-09:STATE,2,ai
2135,error_sum,SR13A-PC-HSTR-10:ERCSUM,0,ai
2135,error_sum,SR13A-PC-VSTR-10:ERCSUM,0,ai
2135,state,SR13A-PC-HSTR-10:STATE,2,ai
2135,state,SR13A-PC-VSTR-10:STATE,2,ai
2137,enabled,SR13C-DI-EBPM-09:CF:ENABLED_S,1,ai
2153,enabled,SR13C-DI-EBPM-10:CF:ENABLED_S,1,ai
2155,error_sum,SR13A-PC-HSTR-11:ERCSUM,0,ai
2155,error_sum,SR13A-PC-VSTR-11:ERCSUM,0,ai
2155,state,SR13A-PC-HSTR-11:STATE,2,ai
2155,state,SR13A-PC-VSTR-11:STATE,2,ai
2165,offset,SR13A-PC-Q2N-16:OFFSET1,0,ai
2167,error_sum,SR13A-PC-HSTR-12:ERCSUM,0,ai
2167,error_sum,SR13A-PC-VSTR-12:ERCSUM,0,ai
2167,state,SR13A-PC-HSTR-12:STATE,2,ai
2167,state,SR13A-PC-VSTR-12:STATE,2,ai
2169,offset,SR13A-PC-Q1N-17:OFFSET1,0,ai
2172,enabled,SR13C-DI-EBPM-11:CF:ENABLED_S,1,ai
2188,enabled,SR14C-DI-EBPM-01:CF:ENABLED_S,1,ai
2194,offset,SR14A-PC-Q1N-01:OFFSET1,0,ai
2196,error_sum,SR14A-PC-HSTR-01:ERCSUM,0,ai
2196,error_sum,SR14A-PC-VSTR-01:ERCSUM,0,ai
2196,state,SR14A-PC-HSTR-01:STATE,2,ai
2196,state,SR14A-PC-VSTR-01:STATE,2,ai
2198,offset,SR14A-PC-Q2N-02:OFFSET1,0,ai
2208,error_sum,SR14A-PC-HSTR-02:ERCSUM,0,ai
2208,error_sum,SR14A-PC-VSTR-02:ERCSUM,0,ai
2208,state,SR14A-PC-HSTR-02:STATE,2,ai
2208,state,SR14A-PC-VSTR-02:STATE,2,ai
2210,enabled,SR14C-DI-EBPM-02:CF:ENABLED_S,1,ai
2214,error_sum,SR14A-PC-HSTR-03:ERCSUM,0,ai
2214,error_sum,SR14A-PC-VSTR-03:ERCSUM,0,ai
2214,state,SR14A-PC-HSTR-03:STATE,2,ai
2214,state,SR14A-PC-VSTR-03:STATE,2,ai
2220,enabled,SR14C-DI-EBPM-03:CF:ENABLED_S,1,ai
2225,error_sum,SR14A-PC-HSTR-04:ERCSUM,0,ai
2225,error_sum,SR14A-PC-VSTR-04:ERCSUM,0,ai
2225,state,SR14A-PC-HSTR-04:STATE,2,ai
2225,state,SR14A-PC-VSTR-04:STATE,2,ai
2235,error_sum,SR14A-PC-HSTR-05:ERCSUM,0,ai
2235,error_sum,SR14A-PC-VSTR-05:ERCSUM,0,ai
2235,state,SR14A-PC-HSTR-05:STATE,2,ai
2235,state,SR14A-PC-VSTR-05:STATE,2,ai
2240,enabled,SR14C-DI-EBPM-04:CF:ENABLED_S,1,ai
2248,error_sum,SR14A-PC-HSTR-06:ERCSUM,0,ai
2248,error_sum,SR14A-PC-VSTR-06:ERCSUM,0,ai
2248,state,SR14A-PC-HSTR-06:STATE,2,ai
2248,state,SR14A-PC-VSTR-06:STATE,2,ai
2251,enabled,SR14C-DI-EBPM-05:CF:ENABLED_S,1,ai
2292,enabled,SR14C-DI-EBPM-06:CF:ENABLED_S,1,ai
2298,error_sum,SR14A-PC-HSTR-07:ERCSUM,0,ai
2298,error_sum,SR14A-PC-VSTR-07:ERCSUM,0,ai
2298,state,SR14A-PC-HSTR-07:STATE,2,ai
2298,state,SR14A-PC-VSTR-07:STATE,2,ai
2306,enabled,SR14C-DI-EBPM-07:CF:ENABLED_S,1,ai
2308,error_sum,SR14A-PC-HSTR-08:ERCSUM,0,ai
2308,error_sum,SR14A-PC-VSTR-08:ERCSUM,0,ai
2308,state,SR14A-PC-HSTR-08:STATE,2,ai
2308,state,SR14A-PC-VSTR-08:STATE,2,ai
2318,error_sum,SR14A-PC-HSTR-09:ERCSUM,0,ai
2318,error_sum,SR14A-PC-VSTR-09:ERCSUM,0,ai
2318,state,SR14A-PC-HSTR-09:STATE,2,ai
2318,state,SR14A-PC-VSTR-09:STATE,2,ai
2320,enabled,SR14C-DI-EBPM-08:CF:ENABLED_S,1,ai
2329,error_sum,SR14A-PC-HSTR-10:ERCSUM,0,ai
2329,error_sum,SR14A-PC-VSTR-10:ERCSUM,0,ai
2329,state,SR14A-PC-HSTR-10:STATE,2,ai
2329,state,SR14A-PC-VSTR-10:STATE,2,ai
2337,enabled,SR14C-DI-EBPM-09:CF:ENABLED_S,1,ai
2339,error_sum,SR14A-PC-HSTR-11:ERCSUM,0,ai
2339,error_sum,SR14A-PC-VSTR-11:ERCSUM,0,ai
2339,state,SR14A-PC-HSTR-11:STATE,2,ai
2339,state,SR14A-PC-VSTR-11:STATE,2,ai
2349,offset,SR14A-PC-Q2N-15:OFFSET1,0,ai
2351,error_sum,SR14A-PC-HSTR-12:ERCSUM,0,ai
2351,error_sum,SR14A-PC-VSTR-12:ERCSUM,0,ai
2351,state,SR14A-PC-HSTR-12:STATE,2,ai
2351,state,SR14A-PC-VSTR-12:STATE,2,ai
2353,offset,SR14A-PC-Q1N-16:OFFSET1,0,ai
2356,enabled,SR14C-DI-EBPM-10:CF:ENABLED_S,1,ai
2372,enabled,SR15C-DI-EBPM-01:CF:ENABLED_S,1,ai
2378,offset,SR15A-PC-Q1N-01:OFFSET1,0,ai
2380,error_sum,SR15A-PC-HSTR-01:ERCSUM,0,ai
2380,error_sum,SR15A-PC-VSTR-01:ERCSUM,0,ai
2380,state,SR15A-PC-HSTR-01:STATE,2,ai
2380,state,SR15A-PC-VSTR-01:STATE,2,ai
2382,offset,SR15A-PC-Q2N-02:OFFSET1,0,ai
2392,error_sum,SR15A-PC-HSTR-02:ERCSUM,0,ai
2392,error_sum,SR15A-PC-VSTR-02:ERCSUM,0,ai
2392,state,SR15A-PC-HSTR-02:STATE,2,ai
2392,state,SR15A-PC-VSTR-02:STATE,2,ai
2394,enabled,SR15C-DI-EBPM-02:CF:ENABLED_S,1,ai
2398,error_sum,SR15A-PC-HSTR-03:ERCSUM,0,ai
2398,error_sum,SR15A-PC-VSTR-03:ERCSUM,0,ai
2398,state,SR15A-PC-HSTR-03:STATE,2,ai
2398,state,SR15A-PC-VSTR-03:STATE,2,ai
2404,enabled,SR15C-DI-EBPM-03:CF:ENABLED_S,1,ai
2409,error_sum,SR15A-PC-HSTR-04:ERCSUM,0,ai
2409,error_sum,SR15A-PC-VSTR-04:ERCSUM,0,ai
2409,state,SR15A-PC-HSTR-04:STATE,2,ai
2409,state,SR15A-PC-VSTR-04:STATE,2,ai
2419,error_sum,SR15A-PC-HSTR-05:ERCSUM,0,ai
2419,error_sum,SR15A-PC-VSTR-05:ERCSUM,0,ai
2419,state,SR15A-PC-HSTR-05:STATE,2,ai
2419,state,SR15A-PC-VSTR-05:STATE,2,ai
2424,enabled,SR15C-DI-EBPM-04:CF:ENABLED_S,1,ai
2432,error_sum,SR15A-PC-HSTR-06:ERCSUM,0,ai
2432,error_sum,SR15A-PC-VSTR-06:ERCSUM,0,ai
2432,state,SR15A-PC-HSTR-06:STATE,2,ai
2432,state,SR15A-PC-VSTR-06:STATE,2,ai
2435,enabled,SR15C-DI-EBPM-05:CF:ENABLED_S,1,ai
2443,enabled,SR15C-DI-EBPM-06:CF:ENABLED_S,1,ai
2449,error_sum,SR15A-PC-HSTR-07:ERCSUM,0,ai
2449,error_sum,SR15A-PC-VSTR-07:ERCSUM,0,ai
2449,state,SR15A-PC-HSTR-07:STATE,2,ai
2449,state,SR15A-PC-VSTR-07:STATE,2,ai
2457,enabled,SR15C-DI-EBPM-07:CF:ENABLED_S,1,ai
2459,error_sum,SR15A-PC-HSTR-08:ERCSUM,0,ai
2459,error_sum,SR15A-PC-VSTR-08:ERCSUM,0,ai
2459,state,SR15A-PC-HSTR-08:STATE,2,ai
2459,state,SR15A-PC-VSTR-08:STATE,2,ai
2469,error_sum,SR15A-PC-HSTR-09:ERCSUM,0,ai
2469,error_sum,SR15A-PC-VSTR-09:ERCSUM,0,ai
2469,state,SR15A-PC-HSTR-09:STATE,2,ai
2469,state,SR15A-PC-VSTR-09:STATE,2,ai
2471,enabled,SR15C-DI-EBPM-08:CF:ENABLED_S,1,ai
2480,error_sum,SR15A-PC-HSTR-10:ERCSUM,0,ai
2480,error_sum,SR15A-PC-VSTR-10:ERCSUM,0,ai
2480,state,SR15A-PC-HSTR-10:STATE,2,ai
2480,state,SR15A-PC-VSTR-10:STATE,2,ai
2488,enabled,SR15C-DI-EBPM-09:CF:ENABLED_S,1,ai
2490,error_sum,SR15A-PC-HSTR-11:ERCSUM,0,ai
2490,error_sum,SR15A-PC-VSTR-11:ERCSUM,0,ai
2490,state,SR15A-PC-HSTR-11:STATE,2,ai
2490,state,SR15A-PC-VSTR-11:STATE,2,ai
2500,offset,SR15A-PC-Q2N-15:OFFSET1,0,ai
2502,error_sum,SR15A-PC-HSTR-12:ERCSUM,0,ai
2502,error_sum,SR15A-PC-VSTR-12:ERCSUM,0,ai
2502,state,SR15A-PC-HSTR-12:STATE,2,ai
2502,state,SR15A-PC-VSTR-12:STATE,2,ai
2504,offset,SR15A-PC-Q1N-16:OFFSET1,0,ai
2507,enabled,SR15C-DI-EBPM-10:CF:ENABLED_S,1,ai
2523,enabled,SR16C-DI-EBPM-01:CF:ENABLED_S,1,ai
2529,offset,SR16A-PC-Q1N-01:OFFSET1,0,ai
2531,error_sum,SR16A-PC-HSTR-01:ERCSUM,0,ai
2531,error_sum,SR16A-PC-VSTR-01:ERCSUM,0,ai
2531,state,SR16A-PC-HSTR-01:STATE,2,ai
2531,state,SR16A-PC-VSTR-01:STATE,2,ai
2533,offset,SR16A-PC-Q2N-02:OFFSET1,0,ai
2543,error_sum,SR16A-PC-HSTR-02:ERCSUM,0,ai
2543,error_sum,SR16A-PC-VSTR-02:ERCSUM,0,ai
2543,state,SR16A-PC-HSTR-02:STATE,2,ai
2543,state,SR16A-PC-VSTR-02:STATE,2,ai
2545,enabled,SR16C-DI-EBPM-02:CF:ENABLED_S,1,ai
2549,error_sum,SR16A-PC-HSTR-03:ERCSUM,0,ai
2549,error_sum,SR16A-PC-VSTR-03:ERCSUM,0,ai
2549,state,SR16A-PC-HSTR-03:STATE,2,ai
2549,state,SR16A-PC-VSTR-03:STATE,2,ai
2555,enabled,SR16C-DI-EBPM-03:CF:ENABLED_S,1,ai
2560,error_sum,SR16A-PC-HSTR-04:ERCSUM,0,ai
2560,error_sum,SR16A-PC-VSTR-04:ERCSUM,0,ai
2560,state,SR16A-PC-HSTR-04:STATE,2,ai
2560,state,SR16A-PC-VSTR-04:STATE,2,ai
2570,error_sum,SR16A-PC-HSTR-05:ERCSUM,0,ai
2570,error_sum,SR16A-PC-VSTR-05:ERCSUM,0,ai
2570,state,SR16A-PC-HSTR-05:STATE,2,ai
2570,state,SR16A-PC-VSTR-05:STATE,2,ai
2575,enabled,SR16C-DI-EBPM-04:CF:ENABLED_S,1,ai
2583,error_sum,SR16A-PC-HSTR-06:ERCSUM,0,ai
2583,error_sum,SR16A-PC-VSTR-06:ERCSUM,0,ai
2583,state,SR16A-PC-HSTR-06:STATE,2,ai
2583,state,SR16A-PC-VSTR-06:STATE,2,ai
2586,enabled,SR16C-DI-EBPM-05:CF:ENABLED_S,1,ai
2602,enabled,SR16C-DI-EBPM-06:CF:ENABLED_S,1,ai
2608,error_sum,SR16A-PC-HSTR-07:ERCSUM,0,ai
2608,error_sum,SR16A-PC-VSTR-07:ERCSUM,0,ai
2608,state,SR16A-PC-HSTR-07:STATE,2,ai
2608,state,SR16A-PC-VSTR-07:STATE,2,ai
2616,enabled,SR16C-DI-EBPM-07:CF:ENABLED_S,1,ai
2618,error_sum,SR16A-PC-HSTR-08:ERCSUM,0,ai
2618,error_sum,SR16A-PC-VSTR-08:ERCSUM,0,ai
2618,state,SR16A-PC-HSTR-08:STATE,2,ai
2618,state,SR16A-PC-VSTR-08:STATE,2,ai
2628,error_sum,SR16A-PC-HSTR-09:ERCSUM,0,ai
2628,error_sum,SR16A-PC-VSTR-09:ERCSUM,0,ai
2628,state,SR16A-PC-HSTR-09:STATE,2,ai
2628,state,SR16A-PC-VSTR-09:STATE,2,ai
2630,enabled,SR16C-DI-EBPM-08:CF:ENABLED_S,1,ai
2646,enabled,SR16C-DI-EBPM-09:CF:ENABLED_S,1,ai
2648,error_sum,SR16A-PC-HSTR-10:ERCSUM,0,ai
2648,error_sum,SR16A-PC-VSTR-10:ERCSUM,0,ai
2648,state,SR16A-PC-HSTR-10:STATE,2,ai
2648,state,SR16A-PC-VSTR-10:STATE,2,ai
2658,offset,SR16A-PC-Q2L-15:OFFSET1,0,ai
2660,enabled,SR16C-DI-EBPM-10:CF:ENABLED_S,1,ai
2662,error_sum,SR16A-PC-HSTR-11:ERCSUM,0,ai
2662,error_sum,SR16A-PC-VSTR-11:ERCSUM,0,ai
2662,state,SR16A-PC-HSTR-11:STATE,2,ai
2662,state,SR16A-PC-VSTR-11:STATE,2,ai
2664,offset,SR16A-PC-Q1L-16:OFFSET1,0,ai
2666,error_sum,SR16A-PC-HSTR-12:ERCSUM,0,ai
2666,error_sum,SR16A-PC-VSTR-12:ERCSUM,0,ai
2666,state,SR16A-PC-HSTR-12:STATE,2,ai
2666,state,SR16A-PC-VSTR-12:STATE,2,ai
2668,offset,SR16A-PC-Q0L-17:OFFSET1,0,ai
2671,enabled,SR16C-DI-EBPM-11:CF:ENABLED_S,1,ai
2689,enabled,SR17C-DI-EBPM-01:CF:ENABLED_S,1,ai
2692,offset,SR17A-PC-Q0L-01:OFFSET1,0,ai
2694,error_sum,SR17A-PC-HSTR-01:ERCSUM,0,ai
2694,error_sum,SR17A-PC-VSTR-01:ERCSUM,0,ai
2694,state,SR17A-PC-HSTR-01:STATE,2,ai
2694,state,SR17A-PC-VSTR-01:STATE,2,ai
2696,offset,SR17A-PC-Q1L-02:OFFSET1,0,ai
2698,error_sum,SR17A-PC-HSTR-02:ERCSUM,0,ai
2698,error_sum,SR17A-PC-VSTR-02:ERCSUM,0,ai
2698,state,SR17A-PC-HSTR-02:STATE,2,ai
2698,state,SR17A-PC-VSTR-02:STATE,2,ai
2700,enabled,SR17C-DI-EBPM-02:CF:ENABLED_S,1,ai
2705,offset,SR17A-PC-Q2L-03:OFFSET1,0,ai
2715,error_sum,SR17A-PC-HSTR-03:ERCSUM,0,ai
2715,error_sum,SR17A-PC-VSTR-03:ERCSUM,0,ai
2715,state,SR17A-PC-HSTR-03:STATE,2,ai
2715,state,SR17A-PC-VSTR-03:STATE,2,ai
2717,enabled,SR17C-DI-EBPM-03:CF:ENABLED_S,1,ai
2721,error_sum,SR17A-PC-HSTR-04:ERCSUM,0,ai
2721,error_sum,SR17A-PC-VSTR-04:ERCSUM,0,ai
2721,state,SR17A-PC-HSTR-04:STATE,2,ai
2721,state,SR17A-PC-VSTR-04:STATE,2,ai
2727,enabled,SR17C-DI-EBPM-04:CF:ENABLED_S,1,ai
2732,error_sum,SR17A-PC-HSTR-05:ERCSUM,0,ai
2732,error_sum,SR17A-PC-VSTR-05:ERCSUM,0,ai
2732,state,SR17A-PC-HSTR-05:STATE,2,ai
2732,state,SR17A-PC-VSTR-05:STATE,2,ai
2742,error_sum,SR17A-PC-HSTR-06:ERCSUM,0,ai
2742,error_sum,SR17A-PC-VSTR-06:ERCSUM,0,ai
2742,state,SR17A-PC-HSTR-06:STATE,2,ai
2742,state,SR17A-PC-VSTR-06:STATE,2,ai
2747,enabled,SR17C-DI-EBPM-05:CF:ENABLED_S,1,ai
2755,error_sum,SR17A-PC-HSTR-07:ERCSUM,0,ai
2755,error_sum,SR17A-PC-VSTR-07:ERCSUM,0,ai
2755,state,SR17A-PC-HSTR-07:STATE,2,ai
2755,state,SR17A-PC-VSTR-07:STATE,2,ai
2758,enabled,SR17C-DI-EBPM-06:CF:ENABLED_S,1,ai
2769,enabled,SR17C-DI-EBPM-07:CF:ENABLED_S,1,ai
2775,error_sum,SR17A-PC-HSTR-08:ERCSUM,0,ai
2775,error_sum,SR17A-PC-VSTR-08:ERCSUM,0,ai
2775,state,SR17A-PC-HSTR-08:STATE,2,ai
2775,state,SR17A-PC-VSTR-08:STATE,2,ai
2783,enabled,SR17C-DI-EBPM-08:CF:ENABLED_S,1,ai
2785,error_sum,SR17A-PC-HSTR-09:ERCSUM,0,ai
2785,error_sum,SR17A-PC-VSTR-09:ERCSUM,0,ai
2785,state,SR17A-PC-HSTR-09:STATE,2,ai
2785,state,SR17A-PC-VSTR-09:STATE,2,ai
2795,error_sum,SR17A-PC-HSTR-10:ERCSUM,0,ai
2795,error_sum,SR17A-PC-VSTR-10:ERCSUM,0,ai
2795,state,SR17A-PC-HSTR-10:STATE,2,ai
2795,state,SR17A-PC-VSTR-10:STATE,2,ai
2797,enabled,SR17C-DI-EBPM-09:CF:ENABLED_S,1,ai
2813,enabled,SR17C-DI-EBPM-10:CF:ENABLED_S,1,ai
2815,error_sum,SR17A-PC-HSTR-11:ERCSUM,0,ai
2815,error_sum,SR17A-PC-VSTR-11:ERCSUM,0,ai
2815,state,SR17A-PC-HSTR-11:STATE,2,ai
2815,state,SR17A-PC-VSTR-11:STATE,2,ai
2825,offset,SR17A-PC-Q2N-16:OFFSET1,0,ai
2827,error_sum,SR17A-PC-HSTR-12:ERCSUM,0,ai
2827,error_sum,SR17A-PC-VSTR-12:ERCSUM,0,ai
2827,state,SR17A-PC-HSTR-12:STATE,2,ai
2827,state,SR17A-PC-VSTR-12:STATE,2,ai
2829,offset,SR17A-PC-Q1N-17:OFFSET1,0,ai
2832,enabled,SR17C-DI-EBPM-11:CF:ENABLED_S,1,ai
2848,enabled,SR18C-DI-EBPM-01:CF:ENABLED_S,1,ai
2854,offset,SR18A-PC-Q1N-01:OFFSET1,0,ai
2856,error_sum,SR18A-PC-HSTR-01:ERCSUM,0,ai
2856,error_sum,SR18A-PC-VSTR-01:ERCSUM,0,ai
2856,state,SR18A-PC-HSTR-01:STATE,2,ai
2856,state,SR18A-PC-VSTR-01:STATE,2,ai
2858,offset,SR18A-PC-Q2N-02:OFFSET1,0,ai
2868,error_sum,SR18A-PC-HSTR-02:ERCSUM,0,ai
2868,error_sum,SR18A-PC-VSTR-02:ERCSUM,0,ai
2868,state,SR18A-PC-HSTR-02:STATE,2,ai
2868,state,SR18A-PC-VSTR-02:STATE,2,ai
2870,enabled,SR18C-DI-EBPM-02:CF:ENABLED_S,1,ai
2874,error_sum,SR18A-PC-HSTR-03:ERCSUM,0,ai
2874,error_sum,SR18A-PC-VSTR-03:ERCSUM,0,ai
2874,state,SR18A-PC-HSTR-03:STATE,2,ai
2874,state,SR18A-PC-VSTR-03:STATE,2,ai
2880,enabled,SR18C-DI-EBPM-03:CF:ENABLED_S,1,ai
2885,error_sum,SR18A-PC-HSTR-04:ERCSUM,0,ai
2885,error_sum,SR18A-PC-VSTR-04:ERCSUM,0,ai
2885,state,SR18A-PC-HSTR-04:STATE,2,ai
2885,state,SR18A-PC-VSTR-04:STATE,2,ai
2895,error_sum,SR18A-PC-HSTR-05:ERCSUM,0,ai
2895,error_sum,SR18A-PC-VSTR-05:ERCSUM,0,ai
2895,state,SR18A-PC-HSTR-05:STATE,2,ai
2895,state,SR18A-PC-VSTR-05:STATE,2,ai
2900,enabled,SR18C-DI-EBPM-04:CF:ENABLED_S,1,ai
2908,error_sum,SR18A-PC-HSTR-06:ERCSUM,0,ai
2908,error_sum,SR18A-PC-VSTR-06:ERCSUM,0,ai
2908,state,SR18A-PC-HSTR-06:STATE,2,ai
2908,state,SR18A-PC-VSTR-06:STATE,2,ai
2911,enabled,SR18C-DI-EBPM-05:CF:ENABLED_S,1,ai
2941,enabled,SR18C-DI-EBPM-06:CF:ENABLED_S,1,ai
2947,error_sum,SR18A-PC-HSTR-07:ERCSUM,0,ai
2947,error_sum,SR18A-PC-VSTR-07:ERCSUM,0,ai
2947,state,SR18A-PC-HSTR-07:STATE,2,ai
2947,state,SR18A-PC-VSTR-07:STATE,2,ai
2955,enabled,SR18C-DI-EBPM-07:CF:ENABLED_S,1,ai
2957,error_sum,SR18A-PC-HSTR-08:ERCSUM,0,ai
2957,error_sum,SR18A-PC-VSTR-08:ERCSUM,0,ai
2957,state,SR18A-PC-HSTR-08:STATE,2,ai
2957,state,SR18A-PC-VSTR-08:STATE,2,ai
2967,error_sum,SR18A-PC-HSTR-09:ERCSUM,0,ai
2967,error_sum,SR18A-PC-VSTR-09:ERCSUM,0,ai
2967,state,SR18A-PC-HSTR-09:STATE,2,ai
2967,state,SR18A-PC-VSTR-09:STATE,2,ai
2969,enabled,SR18C-DI-EBPM-08:CF:ENABLED_S,1,ai
2978,error_sum,SR18A-PC-HSTR-10:ERCSUM,0,ai
2978,error_sum,SR18A-PC-VSTR-10:ERCSUM,0,ai
2978,state,SR18A-PC-HSTR-10:STATE,2,ai
2978,state,SR18A-PC-VSTR-10:STATE,2,ai
2985,enabled,SR18C-DI-EBPM-09:CF:ENABLED_S,1,ai
2987,error_sum,SR18A-PC-HSTR-11:ERCSUM,0,ai
2987,error_sum,SR18A-PC-VSTR-11:ERCSUM,0,ai
2987,state,SR18A-PC-HSTR-11:STATE,2,ai
2987,state,SR18A-PC-VSTR-11:STATE,2,ai
2997,offset,SR18A-PC-Q2N-15:OFFSET1,0,ai
2999,error_sum,SR18A-PC-HSTR-12:ERCSUM,0,ai
2999,error_sum,SR18A-PC-VSTR-12:ERCSUM,0,ai
2999,state,SR18A-PC-HSTR-12:STATE,2,ai
2999,state,SR18A-PC-VSTR-12:STATE,2,ai
3001,offset,SR18A-PC-Q1N-16:OFFSET1,0,ai
3004,enabled,SR18C-DI-EBPM-10:CF:ENABLED_S,1,ai
3032,enabled,SR19C-DI-EBPM-01:CF:ENABLED_S,1,ai
3038,offset,SR19A-PC-Q1N-01:OFFSET1,0,ai
3040,error_sum,SR19A-PC-HSTR-01:ERCSUM,0,ai
3040,error_sum,SR19A-PC-VSTR-01:ERCSUM,0,ai
3040,state,SR19A-PC-HSTR-01:STATE,2,ai
3040,state,SR19A-PC-VSTR-01:STATE,2,ai
3042,offset,SR19A-PC-Q2N-02:OFFSET1,0,ai
3052,error_sum,SR19A-PC-HSTR-02:ERCSUM,0,ai
3052,error_sum,SR19A-PC-VSTR-02:ERCSUM,0,ai
3052,state,SR19A-PC-HSTR-02:STATE,2,ai
3052,state,SR19A-PC-VSTR-02:STATE,2,ai
3054,enabled,SR19C-DI-EBPM-02:CF:ENABLED_S,1,ai
3058,error_sum,SR19A-PC-HSTR-03:ERCSUM,0,ai
3058,error_sum,SR19A-PC-VSTR-03:ERCSUM,0,ai
3058,state,SR19A-PC-HSTR-03:STATE,2,ai
3058,state,SR19A-PC-VSTR-03:STATE,2,ai
3064,enabled,SR19C-DI-EBPM-03:CF:ENABLED_S,1,ai
3069,error_sum,SR19A-PC-HSTR-04:ERCSUM,0,ai
3069,error_sum,SR19A-PC-VSTR-04:ERCSUM,0,ai
3069,state,SR19A-PC-HSTR-04:STATE,2,ai
3069,state,SR19A-PC-VSTR-04:STATE,2,ai
3079,error_sum,SR19A-PC-HSTR-05:ERCSUM,0,ai
3079,error_sum,SR19A-PC-VSTR-05:ERCSUM,0,ai
3079,state,SR19A-PC-HSTR-05:STATE,2,ai
3079,state,SR19A-PC-VSTR-05:STATE,2,ai
3084,enabled,SR19C-DI-EBPM-04:CF:ENABLED_S,1,ai
3092,error_sum,SR19A-PC-HSTR-06:ERCSUM,0,ai
3092,error_sum,SR19A-PC-VSTR-06:ERCSUM,0,ai
3092,state,SR19A-PC-HSTR-06:STATE,2,ai
3092,state,SR19A-PC-VSTR-06:STATE,2,ai
3095,enabled,SR19C-DI-EBPM-05:CF:ENABLED_S,1,ai
3102,enabled,SR19C-DI-EBPM-06:CF:ENABLED_S,1,ai
3108,error_sum,SR19A-PC-HSTR-07:ERCSUM,0,ai
3108,error_sum,SR19A-PC-VSTR-07:ERCSUM,0,ai
3108,state,SR19A-PC-HSTR-07:STATE,2,ai
3108,state,SR19A-PC-VSTR-07:STATE,2,ai
3116,enabled,SR19C-DI-EBPM-07:CF:ENABLED_S,1,ai
3118,error_sum,SR19A-PC-HSTR-08:ERCSUM,0,ai
3118,error_sum,SR19A-PC-VSTR-08:ERCSUM,0,ai
3118,state,SR19A-PC-HSTR-08:STATE,2,ai
3118,state,SR19A-PC-VSTR-08:STATE,2,ai
3128,error_sum,SR19A-PC-HSTR-09:ERCSUM,0,ai
3128,error_sum,SR19A-PC-VSTR-09:ERCSUM,0,ai
3128,state,SR19A-PC-HSTR-09:STATE,2,ai
3128,state,SR19A-PC-VSTR-09:STATE,2,ai
3130,enabled,SR19C-DI-EBPM-08:CF:ENABLED_S,1,ai
3139,error_sum,SR19A-PC-HSTR-10:ERCSUM,0,ai
3139,error_sum,SR19A-PC-VSTR-10:ERCSUM,0,ai
3139,state,SR19A-PC-HSTR-10:STATE,2,ai
3139,state,SR19A-PC-VSTR-10:STATE,2,ai
3146,enabled,SR19C-DI-EBPM-09:CF:ENABLED_S,1,ai
3148,error_sum,SR19A-PC-HSTR-11:ERCSUM,0,ai
3148,error_sum,SR19A-PC-VSTR-11:ERCSUM,0,ai
3148,state,SR19A-PC-HSTR-11:STATE,2,ai
3148,state,SR19A-PC-VSTR-11:STATE,2,ai
3158,offset,SR19A-PC-Q2N-15:OFFSET1,0,ai
3160,error_sum,SR19A-PC-HSTR-12:ERCSUM,0,ai
3160,error_sum,SR19A-PC-VSTR-12:ERCSUM,0,ai
3160,state,SR19A-PC-HSTR-12:STATE,2,ai
3160,state,SR19A-PC-VSTR-12:STATE,2,ai
3162,offset,SR19A-PC-Q1N-16:OFFSET1,0,ai
3165,enabled,SR19C-DI-EBPM-10:CF:ENABLED_S,1,ai
3196,enabled,SR20C-DI-EBPM-01:CF:ENABLED_S,1,ai
3202,offset,SR20A-PC-Q1N-01:OFFSET1,0,ai
3204,error_sum,SR20A-PC-HSTR-01:ERCSUM,0,ai
3204,error_sum,SR20A-PC-VSTR-01:ERCSUM,0,ai
3204,state,SR20A-PC-HSTR-01:STATE,2,ai
3204,state,SR20A-PC-VSTR-01:STATE,2,ai
3206,offset,SR20A-PC-Q2N-02:OFFSET1,0,ai
3216,error_sum,SR20A-PC-HSTR-02:ERCSUM,0,ai
3216,error_sum,SR20A-PC-VSTR-02:ERCSUM,0,ai
3216,state,SR20A-PC-HSTR-02:STATE,2,ai
3216,state,SR20A-PC-VSTR-02:STATE,2,ai
3218,enabled,SR20C-DI-EBPM-02:CF:ENABLED_S,1,ai
3222,error_sum,SR20A-PC-HSTR-03:ERCSUM,0,ai
3222,error_sum,SR20A-PC-VSTR-03:ERCSUM,0,ai
3222,state,SR20A-PC-HSTR-03:STATE,2,ai
3222,state,SR20A-PC-VSTR-03:STATE,2,ai
3228,enabled,SR20C-DI-EBPM-03:CF:ENABLED_S,1,ai
3233,error_sum,SR20A-PC-HSTR-04:ERCSUM,0,ai
3233,error_sum,SR20A-PC-VSTR-04:ERCSUM,0,ai
3233,state,SR20A-PC-HSTR-04:STATE,2,ai
3233,state,SR20A-PC-VSTR-04:STATE,2,ai
3243,error_sum,SR20A-PC-HSTR-05:ERCSUM,0,ai
3243,error_sum,SR20A-PC-VSTR-05:ERCSUM,0,ai
3243,state,SR20A-PC-HSTR-05:STATE,2,ai
3243,state,SR20A-PC-VSTR-05:STATE,2,ai
3248,enabled,SR20C-DI-EBPM-04:CF:ENABLED_S,1,ai
3256,error_sum,SR20A-PC-HSTR-06:ERCSUM,0,ai
3256,error_sum,SR20A-PC-VSTR-06:ERCSUM,0,ai
3256,state,SR20A-PC-HSTR-06:STATE,2,ai
3256,state,SR20A-PC-VSTR-06:STATE,2,ai
3259,enabled,SR20C-DI-EBPM-05:CF:ENABLED_S,1,ai
3266,enabled,SR20C-DI-EBPM-06:CF:ENABLED_S,1,ai
3272,error_sum,SR20A-PC-HSTR-07:ERCSUM,0,ai
3272,error_sum,SR20A-PC-VSTR-07:ERCSUM,0,ai
3272,state,SR20A-PC-HSTR-07:STATE,2,ai
3272,state,SR20A-PC-VSTR-07:STATE,2,ai
3280,enabled,SR20C-DI-EBPM-07:CF:ENABLED_S,1,ai
3282,error_sum,SR20A-PC-HSTR-08:ERCSUM,0,ai
3282,error_sum,SR20A-PC-VSTR-08:ERCSUM,0,ai
3282,state,SR20A-PC-HSTR-08:STATE,2,ai
3282,state,SR20A-PC-VSTR-08:STATE,2,ai
3292,error_sum,SR20A-PC-HSTR-09:ERCSUM,0,ai
3292,error_sum,SR20A-PC-VSTR-09:ERCSUM,0,ai
3292,state,SR20A-PC-HSTR-09:STATE,2,ai
3292,state,SR20A-PC-VSTR-09:STATE,2,ai
3294,enabled,SR20C-DI-EBPM-08:CF:ENABLED_S,1,ai
3310,enabled,SR20C-DI-EBPM-09:CF:ENABLED_S,1,ai
3312,error_sum,SR20A-PC-HSTR-10:ERCSUM,0,ai
3312,error_sum,SR20A-PC-VSTR-10:ERCSUM,0,ai
3312,state,SR20A-PC-HSTR-10:STATE,2,ai
3312,state,SR20A-PC-VSTR-10:STATE,2,ai
3322,offset,SR20A-PC-Q2L-15:OFFSET1,0,ai
3324,enabled,SR20C-DI-EBPM-10:CF:ENABLED_S,1,ai
3326,error_sum,SR20A-PC-HSTR-11:ERCSUM,0,ai
3326,error_sum,SR20A-PC-VSTR-11:ERCSUM,0,ai
3326,state,SR20A-PC-HSTR-11:STATE,2,ai
3326,state,SR20A-PC-VSTR-11:STATE,2,ai
3328,offset,SR20A-PC-Q1L-16:OFFSET1,0,ai
3330,error_sum,SR20A-PC-HSTR-12:ERCSUM,0,ai
3330,error_sum,SR20A-PC-VSTR-12:ERCSUM,0,ai
3330,state,SR20A-PC-HSTR-12:STATE,2,ai
3330,state,SR20A-PC-VSTR-12:STATE,2,ai
3332,offset,SR20A-PC-Q0L-17:OFFSET1,0,ai
3335,enabled,SR20C-DI-EBPM-11:CF:ENABLED_S,1,ai
3353,enabled,SR21C-DI-EBPM-01:CF:ENABLED_S,1,ai
3356,offset,SR21A-PC-Q0L-01:OFFSET1,0,ai
3358,error_sum,SR21A-PC-HSTR-01:ERCSUM,0,ai
3358,error_sum,SR21A-PC-VSTR-01:ERCSUM,0,ai
3358,state,SR21A-PC-HSTR-01:STATE,2,ai
3358,state,SR21A-PC-VSTR-01:STATE,2,ai
3360,offset,SR21A-PC-Q1L-02:OFFSET1,0,ai
3362,error_sum,SR21A-PC-HSTR-02:ERCSUM,0,ai
3362,error_sum,SR21A-PC-VSTR-02:ERCSUM,0,ai
3362,state,SR21A-PC-HSTR-02:STATE,2,ai
3362,state,SR21A-PC-VSTR-02:STATE,2,ai
3364,enabled,SR21C-DI-EBPM-02:CF:ENABLED_S,1,ai
3369,offset,SR21A-PC-Q2L-03:OFFSET1,0,ai
3379,error_sum,SR21A-PC-HSTR-03:ERCSUM,0,ai
3379,error_sum,SR21A-PC-VSTR-03:ERCSUM,0,ai
3379,state,SR21A-PC-HSTR-03:STATE,2,ai
3379,state,SR21A-PC-VSTR-03:STATE,2,ai
3381,enabled,SR21C-DI-EBPM-03:CF:ENABLED_S,1,ai
3385,error_sum,SR21A-PC-HSTR-04:ERCSUM,0,ai
3385,error_sum,SR21A-PC-VSTR-04:ERCSUM,0,ai
3385,state,SR21A-PC-HSTR-04:STATE,2,ai
3385,state,SR21A-PC-VSTR-04:STATE,2,ai
3391,enabled,SR21C-DI-EBPM-04:CF:ENABLED_S,1,ai
3396,error_sum,SR21A-PC-HSTR-05:ERCSUM,0,ai
3396,error_sum,SR21A-PC-VSTR-05:ERCSUM,0,ai
3396,state,SR21A-PC-HSTR-05:STATE,2,ai
3396,state,SR21A-PC-VSTR-05:STATE,2,ai
3406,error_sum,SR21A-PC-HSTR-06:ERCSUM,0,ai
3406,error_sum,SR21A-PC-VSTR-06:ERCSUM,0,ai
3406,state,SR21A-PC-HSTR-06:STATE,2,ai
3406,state,SR21A-PC-VSTR-06:STATE,2,ai
3411,enabled,SR21C-DI-EBPM-05:CF:ENABLED_S,1,ai
3419,error_sum,SR21A-PC-HSTR-07:ERCSUM,0,ai
3419,error_sum,SR21A-PC-VSTR-07:ERCSUM,0,ai
3419,state,SR21A-PC-HSTR-07:STATE,2,ai
3419,state,SR21A-PC-VSTR-07:STATE,2,ai
3422,enabled,SR21C-DI-EBPM-06:CF:ENABLED_S,1,ai
3438,enabled,SR21C-DI-EBPM-07:CF:ENABLED_S,1,ai
3444,error_sum,SR21A-PC-HSTR-08:ERCSUM,0,ai
3444,error_sum,SR21A-PC-VSTR-08:ERCSUM,0,ai
3444,state,SR21A-PC-HSTR-08:STATE,2,ai
3444,state,SR21A-PC-VSTR-08:STATE,2,ai
3452,enabled,SR21C-DI-EBPM-08:CF:ENABLED_S,1,ai
3454,error_sum,SR21A-PC-HSTR-09:ERCSUM,0,ai
3454,error_sum,SR21A-PC-VSTR-09:ERCSUM,0,ai
3454,state,SR21A-PC-HSTR-09:STATE,2,ai
3454,state,SR21A-PC-VSTR-09:STATE,2,ai
3464,error_sum,SR21A-PC-HSTR-10:ERCSUM,0,ai
3464,error_sum,SR21A-PC-VSTR-10:ERCSUM,0,ai
3464,state,SR21A-PC-HSTR-10:STATE,2,ai
3464,state,SR21A-PC-VSTR-10:STATE,2,ai
3466,enabled,SR21C-DI-EBPM-09:CF:ENABLED_S,1,ai
3482,enabled,SR21C-DI-EBPM-10:CF:ENABLED_S,1,ai
3484,error_sum,SR21A-PC-HSTR-11:ERCSUM,0,ai
3484,error_sum,SR21A-PC-VSTR-11:ERCSUM,0,ai
3484,state,SR21A-PC-HSTR-11:STATE,2,ai
3484,state,SR21A-PC-VSTR-11:STATE,2,ai
3494,offset,SR21A-PC-Q2N-16:OFFSET1,0,ai
3496,error_sum,SR21A-PC-HSTR-12:ERCSUM,0,ai
3496,error_sum,SR21A-PC-VSTR-12:ERCSUM,0,ai
3496,state,SR21A-PC-HSTR-12:STATE,2,ai
3496,state,SR21A-PC-VSTR-12:STATE,2,ai
3498,offset,SR21A-PC-Q1N-17:OFFSET1,0,ai
3501,enabled,SR21C-DI-EBPM-11:CF:ENABLED_S,1,ai
3517,enabled,SR22C-DI-EBPM-01:CF:ENABLED_S,1,ai
3523,offset,SR22A-PC-Q1N-01:OFFSET1,0,ai
3525,error_sum,SR22A-PC-HSTR-01:ERCSUM,0,ai
3525,error_sum,SR22A-PC-VSTR-01:ERCSUM,0,ai
3525,state,SR22A-PC-HSTR-01:STATE,2,ai
3525,state,SR22A-PC-VSTR-01:STATE,2,ai
3527,offset,SR22A-PC-Q2N-02:OFFSET1,0,ai
3537,error_sum,SR22A-PC-HSTR-02:ERCSUM,0,ai
3537,error_sum,SR22A-PC-VSTR-02:ERCSUM,0,ai
3537,state,SR22A-PC-HSTR-02:STATE,2,ai
3537,state,SR22A-PC-VSTR-02:STATE,2,ai
3539,enabled,SR22C-DI-EBPM-02:CF:ENABLED_S,1,ai
3543,error_sum,SR22A-PC-HSTR-03:ERCSUM,0,ai
3543,error_sum,SR22A-PC-VSTR-03:ERCSUM,0,ai
3543,state,SR22A-PC-HSTR-03:STATE,2,ai
3543,state,SR22A-PC-VSTR-03:STATE,2,ai
3549,enabled,SR22C-DI-EBPM-03:CF:ENABLED_S,1,ai
3554,error_sum,SR22A-PC-HSTR-04:ERCSUM,0,ai
3554,error_sum,SR22A-PC-VSTR-04:ERCSUM,0,ai
3554,state,SR22A-PC-HSTR-04:STATE,2,ai
3554,state,SR22A-PC-VSTR-04:STATE,2,ai
3564,error_sum,SR22A-PC-HSTR-05:ERCSUM,0,ai
3564,error_sum,SR22A-PC-VSTR-05:ERCSUM,0,ai
3564,state,SR22A-PC-HSTR-05:STATE,2,ai
3564,state,SR22A-PC-VSTR-05:STATE,2,ai
3569,enabled,SR22C-DI-EBPM-04:CF:ENABLED_S,1,ai
3577,error_sum,SR22A-PC-HSTR-06:ERCSUM,0,ai
3577,error_sum,SR22A-PC-VSTR-06:ERCSUM,0,ai
3577,state,SR22A-PC-HSTR-06:STATE,2,ai
3577,state,SR22A-PC-VSTR-06:STATE,2,ai
3580,enabled,SR22C-DI-EBPM-05:CF:ENABLED_S,1,ai
3587,enabled,SR22C-DI-EBPM-06:CF:ENABLED_S,1,ai
3593,error_sum,SR22A-PC-HSTR-07:ERCSUM,0,ai
3593,error_sum,SR22A-PC-VSTR-07:ERCSUM,0,ai
3593,state,SR22A-PC-HSTR-07:STATE,2,ai
3593,state,SR22A-PC-VSTR-07:STATE,2,ai
3601,enabled,SR22C-DI-EBPM-07:CF:ENABLED_S,1,ai
3603,error_sum,SR22A-PC-HSTR-08:ERCSUM,0,ai
3603,error_sum,SR22A-PC-VSTR-08:ERCSUM,0,ai
3603,state,SR22A-PC-HSTR-08:STATE,2,ai
3603,state,SR22A-PC-VSTR-08:STATE,2,ai
3613,error_sum,SR22A-PC-HSTR-09:ERCSUM,0,ai
3613,error_sum,SR22A-PC-VSTR-09:ERCSUM,0,ai
3613,state,SR22A-PC-HSTR-09:STATE,2,ai
3613,state,SR22A-PC-VSTR-09:STATE,2,ai
3615,enabled,SR22C-DI-EBPM-08:CF:ENABLED_S,1,ai
3624,error_sum,SR22A-PC-HSTR-10:ERCSUM,0,ai
3624,error_sum,SR22A-PC-VSTR-10:ERCSUM,0,ai
3624,state,SR22A-PC-HSTR-10:STATE,2,ai
3624,state,SR22A-PC-VSTR-10:STATE,2,ai
3632,enabled,SR22C-DI-EBPM-09:CF:ENABLED_S,1,ai
3634,error_sum,SR22A-PC-HSTR-11:ERCSUM,0,ai
3634,error_sum,SR22A-PC-VSTR-11:ERCSUM,0,ai
3634,state,SR22A-PC-HSTR-11:STATE,2,ai
3634,state,SR22A-PC-VSTR-11:STATE,2,ai
3644,offset,SR22A-PC-Q2N-15:OFFSET1,0,ai
3646,error_sum,SR22A-PC-HSTR-12:ERCSUM,0,ai
3646,error_sum,SR22A-PC-VSTR-12:ERCSUM,0,ai
3646,state,SR22A-PC-HSTR-12:STATE,2,ai
3646,state,SR22A-PC-VSTR-12:STATE,2,ai
3648,offset,SR22A-PC-Q1N-16:OFFSET1,0,ai
3651,enabled,SR22C-DI-EBPM-10:CF:ENABLED_S,1,ai
3667,enabled,SR23C-DI-EBPM-01:CF:ENABLED_S,1,ai
3673,offset,SR23A-PC-Q1N-01:OFFSET1,0,ai
3675,error_sum,SR23A-PC-HSTR-01:ERCSUM,0,ai
3675,error_sum,SR23A-PC-VSTR-01:ERCSUM,0,ai
3675,state,SR23A-PC-HSTR-01:STATE,2,ai
3675,state,SR23A-PC-VSTR-01:STATE,2,ai
3677,offset,SR23A-PC-Q2N-02:OFFSET1,0,ai
3687,error_sum,SR23A-PC-HSTR-02:ERCSUM,0,ai
3687,error_sum,SR23A-PC-VSTR-02:ERCSUM,0,ai
3687,state,SR23A-PC-HSTR-02:STATE,2,ai
3687,state,SR23A-PC-VSTR-02:STATE,2,ai
3689,enabled,SR23C-DI-EBPM-02:CF:ENABLED_S,1,ai
3693,error_sum,SR23A-PC-HSTR-03:ERCSUM,0,ai
3693,error_sum,SR23A-PC-VSTR-03:ERCSUM,0,ai
3693,state,SR23A-PC-HSTR-03:STATE,2,ai
3693,state,SR23A-PC-VSTR-03:STATE,2,ai
3699,enabled,SR23C-DI-EBPM-03:CF:ENABLED_S,1,ai
3704,error_sum,SR23A-PC-HSTR-04:ERCSUM,0,ai
3704,error_sum,SR23A-PC-VSTR-04:ERCSUM,0,ai
3704,state,SR23A-PC-HSTR-04:STATE,2,ai
3704,state,SR23A-PC-VSTR-04:STATE,2,ai
3714,error_sum,SR23A-PC-HSTR-05:ERCSUM,0,ai
3714,error_sum,SR23A-PC-VSTR-05:ERCSUM,0,ai
3714,state,SR23A-PC-HSTR-05:STATE,2,ai
3714,state,SR23A-PC-VSTR-05:STATE,2,ai
3719,enabled,SR23C-DI-EBPM-04:CF:ENABLED_S,1,ai
3727,error_sum,SR23A-PC-HSTR-06:ERCSUM,0,ai
3727,error_sum,SR23A-PC-VSTR-06:ERCSUM,0,ai
3727,state,SR23A-PC-HSTR-06:STATE,2,ai
3727,state,SR23A-PC-VSTR-06:STATE,2,ai
3730,enabled,SR23C-DI-EBPM-05:CF:ENABLED_S,1,ai
3737,enabled,SR23C-DI-EBPM-06:CF:ENABLED_S,1,ai
3743,error_sum,SR23A-PC-HSTR-07:ERCSUM,0,ai
3743,error_sum,SR23A-PC-VSTR-07:ERCSUM,0,ai
3743,state,SR23A-PC-HSTR-07:STATE,2,ai
3743,state,SR23A-PC-VSTR-07:STATE,2,ai
3751,enabled,SR23C-DI-EBPM-07:CF:ENABLED_S,1,ai
3753,error_sum,SR23A-PC-HSTR-08:ERCSUM,0,ai
3753,error_sum,SR23A-PC-VSTR-08:ERCSUM,0,ai
3753,state,SR23A-PC-HSTR-08:STATE,2,ai
3753,state,SR23A-PC-VSTR-08:STATE,2,ai
3763,error_sum,SR23A-PC-HSTR-09:ERCSUM,0,ai
3763,error_sum,SR23A-PC-VSTR-09:ERCSUM,0,ai
3763,state,SR23A-PC-HSTR-09:STATE,2,ai
3763,state,SR23A-PC-VSTR-09:STATE,2,ai
3765,enabled,SR23C-DI-EBPM-08:CF:ENABLED_S,1,ai
3774,error_sum,SR23A-PC-HSTR-10:ERCSUM,0,ai
3774,error_sum,SR23A-PC-VSTR-10:ERCSUM,0,ai
3774,state,SR23A-PC-HSTR-10:STATE,2,ai
3774,state,SR23A-PC-VSTR-10:STATE,2,ai
3781,enabled,SR23C-DI-EBPM-09:CF:ENABLED_S,1,ai
3783,error_sum,SR23A-PC-HSTR-11:ERCSUM,0,ai
3783,error_sum,SR23A-PC-VSTR-11:ERCSUM,0,ai
3783,state,SR23A-PC-HSTR-11:STATE,2,ai
3783,state,SR23A-PC-VSTR-11:STATE,2,ai
3793,offset,SR23A-PC-Q2N-15:OFFSET1,0,ai
3795,error_sum,SR23A-PC-HSTR-12:ERCSUM,0,ai
3795,error_sum,SR23A-PC-VSTR-12:ERCSUM,0,ai
3795,state,SR23A-PC-HSTR-12:STATE,2,ai
3795,state,SR23A-PC-VSTR-12:STATE,2,ai
3797,offset,SR23A-PC-Q1N-16:OFFSET1,0,ai
3800,enabled,SR23C-DI-EBPM-10:CF:ENABLED_S,1,ai
3828,enabled,SR24C-DI-EBPM-01:CF:ENABLED_S,1,ai
3834,offset,SR24A-PC-Q1N-01:OFFSET1,0,ai
3836,error_sum,SR24A-PC-HSTR-01:ERCSUM,0,ai
3836,error_sum,SR24A-PC-VSTR-01:ERCSUM,0,ai
3836,state,SR24A-PC-HSTR-01:STATE,2,ai
3836,state,SR24A-PC-VSTR-01:STATE,2,ai
3838,offset,SR24A-PC-Q2N-02:OFFSET1,0,ai
3848,error_sum,SR24A-PC-HSTR-02:ERCSUM,0,ai
3848,error_sum,SR24A-PC-VSTR-02:ERCSUM,0,ai
3848,state,SR24A-PC-HSTR-02:STATE,2,ai
3848,state,SR24A-PC-VSTR-02:STATE,2,ai
3850,enabled,SR24C-DI-EBPM-02:CF:ENABLED_S,1,ai
3854,error_sum,SR24A-PC-HSTR-03:ERCSUM,0,ai
3854,error_sum,SR24A-PC-VSTR-03:ERCSUM,0,ai
3854,state,SR24A-PC-HSTR-03:STATE,2,ai
3854,state,SR24A-PC-VSTR-03:STATE,2,ai
3860,enabled,SR24C-DI-EBPM-03:CF:ENABLED_S,1,ai
3865,error_sum,SR24A-PC-HSTR-04:ERCSUM,0,ai
3865,error_sum,SR24A-PC-VSTR-04:ERCSUM,0,ai
3865,state,SR24A-PC-HSTR-04:STATE,2,ai
3865,state,SR24A-PC-VSTR-04:STATE,2,ai
3875,error_sum,SR24A-PC-HSTR-05:ERCSUM,0,ai
3875,error_sum,SR24A-PC-VSTR-05:ERCSUM,0,ai
3875,state,SR24A-PC-HSTR-05:STATE,2,ai
3875,state,SR24A-PC-VSTR-05:STATE,2,ai
3880,enabled,SR24C-DI-EBPM-04:CF:ENABLED_S,1,ai
3888,error_sum,SR24A-PC-HSTR-06:ERCSUM,0,ai
3888,error_sum,SR24A-PC-VSTR-06:ERCSUM,0,ai
3888,state,SR24A-PC-HSTR-06:STATE,2,ai
3888,state,SR24A-PC-VSTR-06:STATE,2,ai
3891,enabled,SR24C-DI-EBPM-05:CF:ENABLED_S,1,ai
3898,enabled,SR24C-DI-EBPM-06:CF:ENABLED_S,1,ai
3904,error_sum,SR24A-PC-HSTR-07:ERCSUM,0,ai
3904,error_sum,SR24A-PC-VSTR-07:ERCSUM,0,ai
3904,state,SR24A-PC-HSTR-07:STATE,2,ai
3904,state,SR24A-PC-VSTR-07:STATE,2,ai
3912,enabled,SR24C-DI-EBPM-07:CF:ENABLED_S,1,ai
3914,error_sum,SR24A-PC-HSTR-08:ERCSUM,0,ai
3914,error_sum,SR24A-PC-VSTR-08:ERCSUM,0,ai
3914,state,SR24A-PC-HSTR-08:STATE,2,ai
3914,state,SR24A-PC-VSTR-08:STATE,2,ai
3924,error_sum,SR24A-PC-HSTR-09:ERCSUM,0,ai
3924,error_sum,SR24A-PC-VSTR-09:ERCSUM,0,ai
3924,state,SR24A-PC-HSTR-09:STATE,2,ai
3924,state,SR24A-PC-VSTR-09:STATE,2,ai
3926,enabled,SR24C-DI-EBPM-08:CF:ENABLED_S,1,ai
3942,enabled,SR24C-DI-EBPM-09:CF:ENABLED_S,1,ai
3944,error_sum,SR24A-PC-HSTR-10:ERCSUM,0,ai
3944,error_sum,SR24A-PC-VSTR-10:ERCSUM,0,ai
3944,state,SR24A-PC-HSTR-10:STATE,2,ai
3944,state,SR24A-PC-VSTR-10:STATE,2,ai
3954,offset,SR24A-PC-Q2L-15:OFFSET1,0,ai
3956,enabled,SR24C-DI-EBPM-10:CF:ENABLED_S,1,ai
3958,error_sum,SR24A-PC-HSTR-11:ERCSUM,0,ai
3958,error_sum,SR24A-PC-VSTR-11:ERCSUM,0,ai
3958,state,SR24A-PC-HSTR-11:STATE,2,ai
3958,state,SR24A-PC-VSTR-11:STATE,2,ai
3960,offset,SR24A-PC-Q1L-16:OFFSET1,0,ai
3962,error_sum,SR24A-PC-HSTR-12:ERCSUM,0,ai
3962,error_sum,SR24A-PC-VSTR-12:ERCSUM,0,ai
3962,state,SR24A-PC-HSTR-12:STATE,2,ai
3962,state,SR24A-PC-VSTR-12:STATE,2,ai
3964,offset,SR24A-PC-Q0L-17:OFFSET1,0,ai
3967,enabled,SR24C-DI-EBPM-11:CF:ENABLED_S,1,ai
